Kottapalli 2008,,,Aryamanesh2009,,,Cobos 2006 ab,,,Varshney Fusarium wilt ,,,"Irulena et al.,2007",,,Deokar et al,,,"Taran et al.,",,,"Anupama et al., 2018",,,Tosh et al,,,"Anuradha et al.,",,,"Daba et al.,",,,Varshney Ascochyta blight,,,Sharma and Muehlbauer et al LG2,,,"Halila et al.,2008",,,Gowda et al.,,,Palomino et al.,,,"Santra et al.,",,,"Sharma et al.,",,,"Patil et al.,",,,"Stephens et al.,",,,,,,,,,,,,,
LG1,,,LG1,,,LG1,,,LG1,,,LG2,,,LG1,,,LG1,,,LG1,,,LG1,,,LG3,,,LG1,,,LG1,,,LG2,,,LG2,,,LG2,,,LG1,,,I,,,TAA60,0,,1,,,S95362 X Howzat LG4,,,,,,,,,,,,,Missing Map
TR8,0,,TA113 ,0,,OPAF06 704,0,,TA8,0,,TA103,0,,Cav1sc15.1P1077795,0,,TA122,0,,F9,0,,GA11,0,,TR5,0,,CAV1SC15.1P1077795,0,,H1G16,0,,TA110,12.1,,CS27,7.2,,TA144,0,,OPAF06 704,0,,ubc72lb ,0,,TA194,11.8,,GA16,0,,0,SNP_40000642,,,,,,,,,,,,Winter
TA113,3.4,,TR43,11.4,,OPAD09 1612,9.7,,H1G16,17.8,,TA110,14.1,,Cav1sc15.1P901225,2.3,,GAA40,4.7,,G3,0,,CaM1301,2.85,,TR2,6,,CAV1SC15.1P901225,2.3,,CaM1770,10.5,,TA200,1.5,,foc-1,2,,TA103x,10,,GA11,6.1,,ubcl3,10.3,,RACE3,26.1,,TS72-1,1.6,,0,SNP_40002577,,,,,,,,,,,,Galvez
TA8,10.9,,TA203 ,14.9,,UBC733 1224,24.3,,TR43,37.2,,Foc5,20.6,,Scaffold101p655539,5.3,,TA8,23.3,,UBC858,4.1,,Ca1_2390202,14.44,,NO_Y_13,18,,scaffold101p655539,5.3,,CaM2101,25.4,,TS47,1.3,,foc-1,2.4,,TA194,18.7,,OPAD09 1612,16.7,,ubc836b  ,22.3,,TA96,26.7,,,,,0.4,SNP_40000726,,,,,,,,,,,,Tekeolgu
TA203,29.9,,H1H20,15.8,,Mer13 1269,29.7,,,,,TA59,29.5,,Scaffold101p1733815,7.7,,TR43,27,,TA20,6,,Ca1_3503059,21.02,,TA127,21,,scaffold101p1733815,7.7,,,,,TA59,0.4,,TA59,0.5,,Foc3,19.4,,RGA03,21.8,,dia4,28.2,,TA27,26.7,,2,,,2.2,SNP_40001669,,,,,,,,,,,,
TR43,41.9,,TA1,16.9,,Mer13 1253,29.7,,LG2,,,TA37,30.8,,Scaffold101p2251236,10.7,,H4A03,29.8,,TA8,7.2,,Ca1_5487535,26.17,,TA3,22,,scaffold101p2251236,10.7,,LG2,,,TA27,0.5,,TA96,0.5,,H1B06y,19.6,,UBC733 1224,39,,enp2,34.1,,CS27A,26.7,,TA27,0,,10.6,SNP_40000874,,,,,,,,,,,,Change distance to position
TA43,48.9,,TA8,17.4,,OPM02 1284,42.2,,GA16,0,,CS27,32.9,,Scaffold101p2764466,13.1,,H1C16,35,,RMMFP2,9.9,,Ca1_6316239,26.99,,TA35,23,,scaffold101p2764466,13.1,,GA20,0,,TA37,2.1,,foc-1,1,,H1BO6x,24.1,,MER13 1269,39,,cs44a,40.9,,RACE4,34.8,,TA59,14.3,,10.6,SNP_40000875,,,,,,,,,,,,Sharma and Muehlbauer et al LG2
TS71,55.4,,H2E23,20.1,,TA08,49.8,,TA194,11.9,,TR19,36.7,,Scaffold101p2786728,14.2,,H5A08,42.5,,TA203,33.9,,Ca1_36918202,33.93,,TS57,24,,scaffold101p2786728,14.2,,GA16,3.8,,TR19,6.7,,foc-1,1.8,,UBC302,32.2,,MER13 1253,48.4,,ubc65 ,49.7,,RACE1,35.9,,TA96,19.7,,13.3,SNP_40000923,,,,,,,,,,,,"Halila et al.,2008"
GAA44,72.1,,STMS21,48.8,,OPI09 1050,54,,TS82,15.9,,TA53,40.2,,Scaffold101p3119612,14.8,,TA203,58.9,,,,,TR43,34.94,,TA25,25,,scaffold101p3119612,14.8,,TA194,15.1,,TA53,6.9,,foc-4,3.1,,TR19s,35.9,,OPAC12 1295,60.2,,ubc77d,62.8,,CS27,43,,TA110,27.1,,22.1,SNP_40001819,,,,,,,,,,,,
AGLC11,87,,GA11,60.6,,OPAD09 1053,79.9,,TAA60,18,,TR58,43,,Cav1sc19.1p2764466,15.4,,H4G07,67.1,,LG2,,,TA43,35.23,,TA144,32,,CAV1SC19.1P1750067,15.4,,TS82,19.2,,TA194,7.9,,TR19,3.1,,TA110,39.3,,OPM02 1284,68.4,,,,,,,,TR2,45.5,,22.1,SNP_40001817,,,,,,,,,,,,
,,,,,,,,,TR19,23.8,,TA194,45,,Cav1sc19.1P1017184,16.6,,TA113,78.9,,h1,0,,CaM1298,37.85,,TA159,43,,CAV1SC19.1P1017184,16.6,,TR19,30.6,,GA16,19.4,,,,,Foc1,41.4,,TA08,77.1,,II,,,,,,TA194,90.6,,25.8,SNP_40001307,,,,,,,,,,,,
LG2,,,LG2,,,LG2,,,TR3,25.2,,TS82,49.5,,Cav1sc19.1P497841,18.3,,,,,RMMFP1,2.6,,TA8,40.15,,BGM-R,55,, CAV1SC19.1P497841,18.3,,TA27,34.6,,GA20,1.9,,LG2,,,H3A12,45.3,,OPAI09,83.5,,ubc518b,0,,,,,H4G07,112.2,,25.8,SNP_40002433,,,,,,,,,,,,
TR19,0,,H2F24,0,,UBC881 928,0,,H2B061,28.5,,GA16,61.5,,Cav1sc19.1P354162,18.8,,LG2,,,TA59,20.9,,CaM0403,41.32,,TA118,59,,CAV1SC19.1P354162,18.8,,TA96,37.1,,,,,TA110,0,,Foc2,48,,OPAD09 1053,100.9,,cs39c,22.4,,,,,TA125,129.2,,33.1,SNP_40000752,,,,,,,,,,,,
TR3,6.6,,TA96,0.5,,OPAC12 700,20.7,,TA200,30.7,,,,,Cav1sc19.1P1096693,20.5,,TA116,0,,TA200,23,,TA30,41.62,,GA6,74,,CAV1SC21.1P1096693,20.5,,H2B061,37.4,,,,,TA200,12.1,,TA96,48.2,,,,,lap1,34.3,,,,,,,,35.3,SNP_40002171,,,,,,,,,,,,
TR14,12.8,,TA27,1,,OPAI09 352,25.4,,TA110,36.2,,,,,Cav1sc19.1P1495114,21,,GA20,18.2,,,,,TA203,52.83,,NO_39,85,,CAV1SC21.1P1495114,21,,TA37,44.1,,,,,TS47,13.6,,TS47,53.5,,LG2,,,ubc285a,49.4,,,,,3,,,35.7,SNP_40001801,,,,,,,,,,,,
TA103,22.7,,TA59,1,,OPAI09 746,35.7,,TA103,43.9,,,,,Scaffold101p4768558,23.4,,H4B09,32.8,,LG3A,,,Ca1_48305443,70.93,,,,,scaffold101p4768558,23.4,,,,,,,,TA59,14.9,,TA96s,55,,MER13 1094,0,,,,,,,,TA117,0,,35.7,SNP_40001463,,,,,,,,,,,,
TA37,29.7,,H4D08,1,,UBC881 621,49.8,,H1F05,60.7,,,,,Scaffold101p5390644,24.6,,H4A04,37.9,,TR2,0,,ICCM0297,75.48,,LG6,,,scaffold101p5390644,24.6,,LG3,,,,,,TA27,15.3,,TA59,56.9,,OPX13 630,16.9,,III,,,,,,TAA170,20.6,,43,SNP_40002071,,,,,,,,,,,,
TA110,32.2,,H4A04,1,,OPX04 372,60.7,,,,,,,,Scaffold101p5509588,25.2,,TA96,41.4,,TA3,0,,NewChr17_4023057,76.7,,GA34,0,,scaffold101p5609488,25.2,,CaM1515,0,,,,,TA96,15.8,,CS27A,60.3,,MER13 770,34,,ubc708a,0,,,,,TA14,44.4,,43.9,SNP_40001527,,,,,,,,,,,,
GA16,34.6,,H1F22,1,,TA103,67.6,,LG3,,,,,,Scaffold101p6149516,28.2,,TR19,45.4,,TA127,2.9,,Ca1_9582444,91.86,,TA106,6,,scaffold101p6149516,28.2,,ICCM0178,15.9,,,,,TA37,17.9,,TA37,63.5,,OPZ01 1015,34.6,,ubc843a,4.6,,,,,TS72,63.1,,44.8,SNP_40001235,,,,,,,,,,,,
GA20,39.3,,H6D11,1,,Mer13 770,76.1,,TA125,0,,,,,Scaffold101p6154460,28.8,,TA59,49.1,,,,,Ca1_11321839,96.28,,CASTMS2,16,,scaffold101p6154460,28.8,,CaM0475,22.5,,,,,TR19,24.6,,H1F05,65.8,,RGA05,40.3,,ubc313b,7.2,,,,,TA186,75.3,,44.8,SNP_40002423,,,,,,,,,,,,
TA59,41.7,,H1J04,1,,OPX13 630,97.4,,ICCM0178,6,,,,,Cav1sc80.1P96583,30.5,,H4H08,54.3,,LG3B,,,Ca1_10761609,97.96,,CASTMS22,19,,CAV1SC80.1P36873,30.5,,CaM1122,26.1,,,,,TA53,31.5,,HAF22,68.3,,TA103,44.8,,ubc69lb,20.3,,,,,TA30,86.2,,45.2,SNP_40001385,,,,,,,,,,,,
TA96,45.4,,H1H011,1,,Mer13 1094,111.8,,CaM0658,10.9,,,,,Cav1sc388.1P158402,31.6,,TR13,64.6,,TA64,0,,Ca1_11405015,99.92,,TA22,33,,CAV1SC388.1P158402,31.6,,STMS10,31.7,,,,,TA194,39.4,,H6D11,71.3,,TS35r,52.3,,ubc884c ,44.5,,,,,,,,45.2,SNP_40002271,,,,,,,,,,,,
TA27,47.8,,H4H08,1,,,,,CaM0475,22.5,,,,,Scaffold550p16814,32.8,,TS82,72,,TR24,18.7,,Ca1_12688435,102.78,,SA14TS71rts36r,36,,scaffold550p16814,32.8,,TA64,58.9,,,,,GA16,58.8,,H1P09/2,73.3,,OPX04372,54.7,,ubc807a,58.2,,,,,4,,,47.9,SNP_40001506,,,,,,,,,,,,
TS82,54,,H2B061 ,1,,LG3,,,CaM1122,26.1,,,,,Scaffold550p1752067,33.4,,TA110,93.6,,TR26,19.9,,Ca1_13680008,105.73,,TA36rts53L,37,,scaffold550p1752067,33.4,,,,,,,,GA20,60.7,,,,,TA110,59.2,,cs64a ,77.4,,,,,TR29,0,,50.1,SNP_40000806,,,,,,,,,,,,
TA53,57.6,,TA194,11.2,,OPQ05 1828,0,,STMS10,31.7,,,,,Scaffold550p1752071,33.9,,TA199,113.8,,SA16,30.3,,TA113,109.31,,TA80,38,,scaffold550p1752071,33.9,,LG4,,,,,,,,,,,,OPN08 910,60.6,,ubc807c,84.2,,,,,H4E03,14.8,,50.1,SNP_40002081,,,,,,,,,,,,
TR2,646.7,,TA37,23.4,,OPQ05 1794,1.7,,TA64,58.9,,,,,Cav1sc151.1P36873,34.5,,TA194,118.5,,,,,,,,TA176S,39,,CAV1SC151.1P36873,34.5,,GAA47,0,,,,,,,,,,,TA27,62.8,,ubc239e ,93.5,,,,,H4G07-1,27.1,,51,SNP_40001427,,,,,,,,,,,,
TA200,70.1,,H3E04,23.4,,OPAC04 818,18.5,,,,,,,,Cav1sc908.1P31832,35.1,,TA37,124.9,,,,,LG2,,,TR44,41,,CAV1SC908.1P31832,35.1,,STMS11,4.8,,,,,,,,,,,TA96,64,,ubc489a,95.3,,,,,TA25,48.5,,51,SNP_40001428,,,,,,,,,,,,
,,,H1P092,23.9,,OPZ01 960,20.7,,LG4,,,,,,Cav1sc239.1P93424,36.9,,H1B06,137.5,,LG4,,,CKAM1190,0,,TA44X,42,,CAV1SC239.1P93424,36.9,,TA130,26.1,,,,,,,,,,,TA59,64.7,,acpl,107.5,,,,,,,,51.4,SNP_40002493,,,,,,,,,,,,
LG3,,,H3A09,25,,OPX04 1669,22.3,,TR20,0,,,,,Scaffold187p798253,37.5,,TA200,155.6,,RMMFP5,0,,Ca2_36051175,0.36,,TR1S,47,,scaffold187p798253,37.5,,H1G20,33.6,,,,,,,,,,,UBC881 621,65.3,,cs64b,123.5,,,,,5,,,51.4,SNP_40000946,,,,,,,,,,,,
TA64,0,,TA110,31.8,,OPAI09 1651,22.3,,TA130,2.6,,,,,Scaffold1766p213992,38.2,,,,,RMMFP8,4.8,,Ca2_36069257,0.96,,TR35,48,,scaffold32p20836,38.2,,H4G11,34.2,,,,,,,,,,,TAA60,69.6,,ubc682c,136,,,,,ECACMCAG2,0,,51.8,SNP_40002128,,,,,,,,,,,,
TA34,20,,TA103 ,35.5,,TA47,22.3,,CaM1158,4.9,,,,,Scaffold417p866362,38.7,,LG3,,,SA18,6.1,,Ca2_33315759,10.6,,NO_87_3_opni18a,49,,CAV1SC47.1P173767,38.7,,CaM2049,35.1,,,,,,,,,,,TS82,71.4,,ubc809d,146.3,,,,,ECACMCTG1,16.3,,52.7,SNP_40002084,,,,,,,,,,,,
TAA194,28.6,,TA53 ,33.7,,GA13,23.7,,ICCM0127,10,,,,,Cav1sc326.1P69369,43.1,,STMS5,0,,SA15,9.6,,Ca2_32979328,13.1,,opni7,52,,CAV1SC326.1P75884,43.1,,NI6,35.4,,,,,,,,,,,TR19,73.1,,ubc310a,150.9,,,,,ECACMCAG1,34.7,,54.7,TA72,,,,,,,,,,,,
TA142,35,,,,,OPZ01 850,26.8,,TS54,12,,,,,Scaffold447p288448,43.7,,TA76,23.7,,SA20,10.7,,Ca2_32276589,18.64,,T196,55,,scaffold447p288448,43.7,,TA2,36.2,,,,,,,,,,,OPAC12 700,73.3,,cs24a,154.7,,,,,,,,55.2,TA146,,,,,,,,,,,,
TR31,45.5,,LG3,,,TA11,33.9,,TA72,12.9,,,,,Scaffold3294p700295,51.6,,TS29,40.9,,TA116,13.1,,CKAM1101,23.2,,TR40,60,,scaffold3294p700295,51.6,,H1B17,37.3,,,,,,,,,,,TR58,75.2,,ubc438b,162,,,,,,,,60.2,SNP_40001411,,,,,,,,,,,,
TA194,60.9,,TR32,0,,UBC881 841,43.6,,H1B17,13.6,,,,,Cav1sc28.1P1164750,52.2,,TR24,53.2,,TR20,16.3,,TR19,31.73,,TA14s,64,,CAV1SC28.1P1164750,52.2,,H1H15,38.9,,,,,,,,,,,OPAI09 352,79.7,,ubc287,165.4,,,,,,,,62.4,SNP_40000813,,,,,,,,,,,,
TA108,65,,H1P092,21.2,,pgd,54.5,,TA146,14,,,,,Scaffold3294p593695,53.5,,TR26,67.9,,GN25,22.5,,Ca2_24709295,35.64,,TA196,68,,scaffold3294p593695,53.5,,TS54,50.7,,,,,,,,,,,OPAI09 746,85.2,,cs65,169.2,,,,,,,,62.4,SNP_40000812,,,,,,,,,,,,
CaSTMS28,71.6,,TR56,27.3,,UBC181 297,66.9,,CaM2049,15.5,,,,,Cav1sc10.1P1068069,64.3,,TA64,72.8,,UBC465,25.8,,TA59,38.59,,,,,CAV1SC10.1P1068069,64.3,,,,,,,,,,,,,,UBC881 928,90.8,,ubc493a,173.4,,,,,,,,63.3,SNP_40000811,,,,,,,,,,,,
TS5,87.1,,TAA194,27.3,,,,,CaM1502,20.1,,,,,Cav1sc10.1P721387,64.8,,TS19,84.4,,TA72,40.7,,H2B061,40.64,,,,,CAV1SC10.1P756169,64.8,,LG5,,,,,,,,,,,,GA20,112.6,,ubc324,176,,,,,,,,65,SNP_40001238,,,,,,,,,,,,
TR58,104.3,,GA119,27.8,,LG4,,,TS72,23.2,,,,,Cav1sc10.1P486223,65.4,,STMS10,98.7,,TA2,50.4,,TA96,40.92,,,,,CAV1SC10.1P533315,65.4,,ICCM0120b,0,,,,,,,,,,,,,,ubc373,179.4,,,,,,,,65.6,TA130,,,,,,,,,,,,
,,,H6C07,28.9,,B/b,0,,,,,,,,Cav1sc23.1P951533,75.5,,TR56,117.8,,TA89,73.2,,Ca2_3141128,56.08,,,,,CAV1SC23.1P951533,75.5,,CaM0463,6.5,,,,,,,,,,,LG3,,,cs3lb,186.7,,,,,,,,66.2,SNP_40002474,,,,,,,,,,,,
LG4,,,TA135,31.1,,OPX13 1408,13.5,,LG5,,,,,,,,,TS58,123.6,,,,,CKAM1877,57.33,,,,,,,,CaM0805,26.2,,,,,,,,,,,OPM02 1112,0,,,,,,,,,,,69.3,SNP_40001529,,,,,,,,,,,,
TAA57,0,,H3F09,32.2,,GAA47,19.7,,CaM0881,0,,,,,LG2,,,TS58,125.9,,LG5,,,Ca2_2312104,65.96,,,,,LG2,,,TA71,38.7,,,,,,,,,,,GAA45,6.4,,IV,,,,,,,,,69.3,SNP_40001748,,,,,,,,,,,,
TA132,15.8,,H1F14,32.2,,OPAC12 450,25.2,,CaM0880,10.9,,,,,Cav1sc40.1P395341,0,,NCPGR10,129.6,,TA5,0,,,,,,,,CAV1SC40.1P395341,0,,TS43,46,,,,,,,,,,,UBC181 297 ,9.6,,ubc810c,0,,,,,,,,69.7,SNP_40001487,,,,,,,,,,,,
TA72,21.5,,H5H032,32.2,,OPAF16 1025,34.6,,ICCM0120a,32.3,,,,,Scaffold521p216256,1.8,,STMS28,131.9,,TA194,9,,LG3,,,,,,scaffold521p216256,1.8,,TAASH,51.7,,,,,,,,,,,TA76,10.6,,ubc825a,20.7,,,,,,,,72.4,SNP_40001505,,,,,,,,,,,,
TA186,29.9,,H1E06,32.2,,OPAF16 985,39.2,,TS35,38.3,,,,,Scaffold2283p1470498,8.5,,TAA169,134.1,,TA71,12.5,,Ca3_22008087,0,,,,,scaffold2283p1470498,8.5,,,,,,,,,,,,,,OPX14 724,16,,ubc90b,46.8,,,,,,,,72.4,SNP_40000574,,,,,,,,,,,,
TA146,35.2,,H4F09,32.2,,OPQ05 293,42,,TS43,60.8,,,,,Scaffold2283p1137579,9.6,,H3D05,135,,TA42,14.4,,Ca3_20898709,7.96,,,,,scaffold2283p1137579,9.6,,LG6,,,,,,,,,,,,Pgd,20,,ubc810d,61.8,,,,,,,,76.1,SNP_40001785,,,,,,,,,,,,
TS5,40.2,,H3C06,32.7,,GA02,43.1,,TAASH,63.8,,,,,Scaffold2283p1134921,10.2,,H1B04,136.1,,GA137,15,,STMS10,14.82,,,,,scaffold2283p1134921,10.2,,H1I16,0,,,,,,,,,,,OPZ01 960,22.7,,ubc694c ,71.1,,,,,,,,76.5,SNP_40000426,,,,,,,,,,,,
TA2,48.7,,H1O10,32.7,,OPAF16 734,44.7,,TA71,66.5,,,,,Scaffold2283p942461,11.4,,H3F08,138,,TA11,15.6,,CaM1358,17.5,,,,,scaffold2283p942461,11.4,,TA106,34.1,,,,,,,,,,,UBC881 1176,23.2,,ubc858b,73.7,,,,,,,,76.5,SNP_40002569,,,,,,,,,,,,
TAA170,58,,H1J15,32.7,,OPM02 935,48.1,,TR59,72.3,,,,,Scaffold2283p237532,13.9,,GA119,139.6,,TR29,18.9,,H1H22,18.37,,,,,scaffold2283p237532,13.9,,CaM0244,46,,,,,,,,,,,OPAC04 818,25.6,,ubc68la,85.4,,,,,,,,76.9,SNP_40002508,,,,,,,,,,,,
TR20,61.3,,TA34,35,,OPAH11 1280,68.7,,,,,,,,Cav1sc141.1P89095,14.5,,H3F09,142.6,,,,,TA125,19.54,,,,,CAV1SC141.1P89095,14.5,,CaM0421,76.3,,,,,,,,,,,OPAI09 1651,27,,ubc521a ,102.4,,,,,,,,78.2,SNP_40000427,,,,,,,,,,,,
TS36,77,,TA142,49.5,,TA72,85.7,,LG6,,,,,,Cav1sc140.1P330267,15.6,,H4A03,147.4,,LG6,,,TR31,20.98,,,,,CAV1SC140.1P330367,15.6,,H5A04,78.5,,,,,,,,,,,TA47,28.4,,ubc344,107,,,,,,,,80.9,SNP_40001391,,,,,,,,,,,,
TR55,93.7,,TA64,59.6,,TA146,95.1,,TA106,0,,,,,Cav1sc174.1P495336,18.6,,H5H03,151.6,,TA14,0,,CaM1129,21.25,,,,,CAV1SC174.1P495336,18.6,,CaM0464,79.9,,,,,,,,,,,OPX04 1669,28.8,,ubc521b,110.4,,,,,,,,92.7,SNP_40000882,,,,,,,,,,,,
,,,STMS5,76.8,,OPAI09 1276,97.3,,CaM0421,10.3,,,,,Cav1sc143.1P73663,21.5,,H3C06,158.4,,S,15.9,,CaM0886,21.53,,,,,CAV1SC143.1P73663,21.5,,CaM1402,80.1,,,,,,,,,,,GA13,29.9,,aco2,118.7,,,,,,,,117.4,SNP_40002011,,,,,,,,,,,,
LG5A,,,TS29,90,,TA02,97.3,,CaM0594,30.9,,,,,Scaffold1471p212654,22.1,,H4A03,177.2,,TR1,27.3,,TA34,22.41,,,,,scaffold1471p212654,22.1,,CaM0317,80.6,,,,,,,,,,,OPZ01 850,32,,ubc181b,133,,,,,,,,118.7,SNP_40002154,,,,,,,,,,,,
TAA137,0,,TA76S,107.9,,UBC881 1186,99.5,,TR44,33.2,,,,,Scaffold1176p188168,25.4,,STMS14,187.1,,Seed size,34.4,,STMS14,23.32,,,,,scaffold1176p188168,25.4,,TA22,80.9,,,,,,,,,,,RGA07,34,, ubc694b,133.7,,,,,,,,134.8,SNP_40000636,,,,,,,,,,,,
GA102,17.6,,GAA45,118.9,,OPX04 700,101.3,,CaM1402,35.3,,,,,Scaffold2307p728748,27.6,,TA125,199,,SA14,39.5,,STMS28,25.24,,,,,scaffold2307p728748,27.6,,CaM0753,81.2,,,,,,,,,,,TA125,38.6,,cs24e,135.5,,,,,,,,135.7,SNP_40001834,,,,,,,,,,,,
TAA104,25,,,,,OPAC12 1620,105,,CaM1101,37.2,,,,,Cav1sc584.1P119047,28.3,,,,,RMMFP4,40.8,,Ca3_39036421,0,,,,,CAV1SC584.1P119047,28.3,,H1L161,81.9,,,,,,,,,,,TA11 ,39,,,,,,,,,,,135.7,PBA_CA_00286,,,,,,,,,,,,
TAASH,38.1,,LG4,,,OPAI09 1855,111.5,,CaM1125,39.5,,,,,Scaffold500p576492,29,,LG4,,,RMMFP7,41.5,,Ca3_39321667,4.27,,,,,scaffold500p576492,29,,CaM1101,82.9,,,,,,,,,,,TS19,39.8,,V,,,,,,,,,137.1,SNP_40001837,,,,,,,,,,,,
TA5,44.9,,STMS11,0,,OPQ05 2136,118.8,,TA22,41.8,,,,,Scaffold191p466392,33.6,,Fc,0,,TA80,45.6,,Ca3_38217929,9.68,,,,,scaffold191p466392,33.6,,TA80,84.3,,,,,,,,,,,STMS10,40.6,,ubc518c,0,,,,,,,,139.3,SNP_40001141,,,,,,,,,,,,
TS53,60.3,,TAA170 ,8.1,,,,,TA14,62.4,,,,,Scffold2193p113525,34.3,,TR11,28.6,,TA22,46.3,,Ca3_37004026,14.15,,,,,scaffold2193p113525,34.3,,TA14,117.1,,,,,,,,,,,TS19R,41.2,,ubc638 ,12,,,,,,,,143.5,SNP_40002597,,,,,,,,,,,,
TA39,68.1,,TA130,10.2,,LG 5,,,H1L161,67.5,,,,,Scffold256p72724,35.1,,GAA47,45.7,,TA176,47.6,,Ca3_36036243,16.9,,,,,scaffold256p72724,35.1,,,,,,,,,,,,,,TA135s,42.2,,ubc704a,17.5,,,,,,,,143.5,SNP_40001593,,,,,,,,,,,,
,,,GA137 ,11.6,,OPAH11 613,0,,,,,,,,Scffold657p314477,35.9,,STMS11,51.1,,,,,,,,,,,scaffold657p314477,35.9,,LG7,,,,,,,,,,,,TS58,44,,cs63a,29.5,,,,,,,,144.4,SNP_40002101,,,,,,,,,,,,
LG5B,,,H1B17,13,,OPU11 811,14.1,,LG7,,,,,,Scffold270p658556,36.6,,GA137,65.9,,LG7,,,LG4,,,,,,scaffold270p658556,36.6,,TAA59,0,,,,,,,,,,,STMS28,45.5,,ubc493c,39.3,,,,,,,,159.3,SNP_40001346,,,,,,,,,,,,
TS43,0,,TA2,13,,OPM02 654,25.7,,H1012,0,,,,,Scffold1318p467858,37.9,,TAA170,81.4,,TA117,0,,Ca4_9883272,0,,,,,scaffold1318p467858,37.9,,H3H121,3.7,,,,,,,,,,,TA6,46,,ubc69la,40,,,,,,,,,,,,,,,,,,,,,
TA116,18.6,,H5G01,13.5,,OPU11 278,27.4,,CaM0111,17.6,,,,,Scffold887p538591,39.1,,TA130,97.4,,TA114,1.3,,Ca4_12578627,10.4,,,,,scaffold887p538591,39.1,,,,,,,,,,,,,,STMS23,46.5,,ubc239a,40.7,,,,,,,,Lasseter X ICC3996 LG4.1,,,,,,,,,,,,,
TR29,33.9,,TA146,13.5,,TA05,30.9,,TA140,20.6,,,,,Scffold58p286681,39.8,,H3C10,108.6,,TA78,4.3,,Ca4_15942039,13.42,,,,,scaffold58p890246,39.8,,LG8,,,,,,,,,,,,STMS14,46.5,,ubc822,44.1,,,,,,,,0,SNP_40000874,,,,,,,,,,,,
TR60,67,,H4G11,13.5,,Mer13 1778,32.9,,CaM0443,22.4,,,,,Scffold621p326093,40.4,,TA72,113.7,,RMMFP3,4.3,,Ca4_15957070,14.54,,,,,scaffold58p286881,40.4,,ICCM0130a,0,,,,,,,,,,,TA34,46.5,,ubc754,55,,,,,,,,0,SNP_40000875,,,,,,,,,,,,
,,,H3D09,15.1,,OPAC04 585,35.4,,H1C22,24.2,,,,,Scffold1294p2760,42.4,,TA2,120.2,,TA180,13.5,,CKAM0847,16.33,,,,,scaffold621p326093,42.4,,CaM0787,12.4,,,,,,,,,,,TR31,46.7,,ubc338 ,64.8,,,,,,,,1,SNP_40000923,,,,,,,,,,,,
LG6,,,H1A12 ,16.7,,OPX04 1460,37.9,,H3H121,28.5,,,,,Scffold2159p69275,43,,TR8,122.5,,,,,ICCM0127,19.32,,,,,scaffold1204p2760,43,,TS45,21.2,,,,,,,,,,,TR13,47,,ubc642a ,67.8,,,,,,,,7,SNP_40001745,,,,,,,,,,,,
TA14,0,,H211 ,19.6,,OPM02 678,40.7,,,,,,,,Scffold905p1129574,43.7,,TR40,127.9,,LG8,,,CaM1903,22.11,,,,,scaffold2159p69275,43.7,,,,,,,,,,,,,,TR56,48.9,,ubc376 ,72.9,,,,,,,,9.8,SNP_40000528,,,,,,,,,,,,
CaSTMS15,8.1,,STMS24,22.9,,OPAI09 1777,50.8,,LG8,,,,,,Scffold905p693958,44.9,,TA132,130.1,,ST,0,,CaM1158,24.23,,,,,scaffold905p1129574,44.9,,,,,,,,,,,,,,UBC88 1841,52.3,,ubc850 ,74.7,,,,,,,,9.8,TA89,,,,,,,,,,,,
TR1,17.7,,,,,,,,ICCM0130a,0,,,,,Scffold,45.5,,TS54,132.6,,SeedC,8.8,,H1G20,25.59,,,,,scaffold905p693958,45.5,,,,,,,,,,,,,,OPQ05 1794,55.7,,pgd2 ,77.7,,,,,,,,9.8,SNP_40000530,,,,,,,,,,,,
TR35,21.7,,LG5,,,LG 7+8,,,TS45,14,,,,,Scffold905p636294,46,,NCPGR6,138.3,,SC,9.2,,CaM0507,27.86,,,,,CAV1SC57.1P1051835,46,,,,,,,,,,,,,,OPQ05 1828,60.1,,ubc704b,84.1,,,,,,,,10.1,SNP_40002562,,,,,,,,,,,,
TA120,28.4,,TR60 ,0,,OPAI09 888,0,,TA3,45.4,,,,,Scaffold1180p283355,47.2,,TA146,141.7,,FC,9.2,,H1H15,28.15,,,,,scaffold905p636284,47.2,,,,,,,,,,,,,,TA142,61.8,,,,,,,,,,,10.1,SNP_40002117,,,,,,,,,,,,
TA80,33.5,,H4H02 ,4.3,,OPQ05 1369,9.4,,H1D24,47.1,,,,,Scaffold78p640871,48.4,,H1A12,150.5,,,,,CKAM0750,28.47,,,,,scaffold1180p283355,47.8,,,,,,,,,,,,,,OPF05 275 ,67,,VI,,,,,,,,,10.1,SNP_40001479,,,,,,,,,,,,
TA176,37,,H4G07 ,4.9,,OPAF06 988,22.9,,H5B04,47.9,,,,,Cav1sc689.1P195825,51.3,,NCPGR7,164,,,,,TS36,29.11,,,,,scaffold78p640871,48.4,,,,,,,,,,,,,,OPB17 789,77,,ubc402,0,,,,,,,,10.1,PBA_CA_00343,,,,,,,,,,,,
TA22,42.3,,H3A07,5.5,,OPAG06 947,22.9,,,,,,,,Cav1sc817.1P81915,51.9,,TA127,170.9,,,,,Ca4_22695001,29.54,,,,,CAV1SC689.1P195825,51.3,,,,,,,,,,,,,,TA64,82.7,,ubc884b,23.3,,,,,,,,18.6,SNP_40001222,,,,,,,,,,,,
TS84,57.9,,GA102,7.3,,TA03,31.5,,,,,,,,Scaffold183p1539190,53.7,,TA23,191.3,,,,,Ca4_41139348,30.59,,,,,CAV1SC817.1P81915,51.9,,,,,,,,,,,,,,Hg/hg,84.8,,ubc733b,34.7,,,,,,,,21.5,SNP_40000849,,,,,,,,,,,,
TS24,59.9,,TS35 ,7.9,,OPX13 540,33.8,,,,,,,,Scaffodl183p890167,54.3,,TA89,211.1,,,,,Ca4_37300654,31.94,,,,,scaffold183p1539190,53.7,,,,,,,,,,,,,,,,,ubc181a,45.4,,,,,,,,22.2,SNP_40002171,,,,,,,,,,,,
TR40,72.3,,H6C11,8.5,,OPX14 808,43.2,,,,,,,,Cav1sc246.1P169941,54.9,,TS72,224.4,,,,,TA132,32.79,,,,,scaffold183p890167,54.3,,,,,,,,,,,,,,LG4,,,P,63.8,,,,,,,,22.2,SNP_40000182,,,,,,,,,,,,
TA106,72.5,,TS53,8.5,,OPQ05 819,67.8,,,,,,,,Cav1sc246.1P121732,55.4,,,,,,,,TS72,34.73,,,,,CAV1SC246.1P169941,54.9,,,,,,,,,,,,,,B/b,0,,,,,,,,,,,22.2,SNP_40000184,,,,,,,,,,,,
GA9,82.1,,H1H07,9,,UBC733 1076,82.2,,,,,,,,Scaffold137p10777,63.7,,LG5,,,,,,CKAM0604,35.72,,,,,CAV1SC246.1P121732,55.4,,,,,,,,,,,,,,TA61,13.3,,VII,,,,,,,,,22.5,SNP_40002177,,,,,,,,,,,,
GA34,95.7,,H6D02,10.6,,OPAH11 532,85.5,,,,,,,,Cav1sc112.1P378362,67.9,,NCPGR1,0,,,,,Ca4_45020589,42.43,,,,,scaffold137p10777,63.7,,,,,,,,,,,,,,TR11,18.5,,ubc249,0,,,,,,,,22.8,SNP_40001259,,,,,,,,,,,,
,,,H4F03,11.1,,OPX13 750,91.3,,,,,,,,cAV1SC112.1P613679,69.1,,H1A18,14.5,,,,,Ca4_45225063,43.34,,,,,CAV1SC112.1P378362,67.9,,,,,,,,,,,,,,OPX13 1408,24.2,,g1pt,8.8,,,,,,,,22.8,SNP_40000852,,,,,,,,,,,,
LG7,,,TA179,11.1,,TA18,93.9,,,,,,,,Cavsc103.1P136659,69.6,,STMS22,21.1,,,,,ICCM0257,47.41,,,,,CAV1SC112.1P613679,69.1,,,,,,,,,,,,,,GAA47,32.6,,ubc642b,13.9,,,,,,,,22.8,SNP_40000853,,,,,,,,,,,,
TA78,0,,TR59,11.1,,OPX13 840,96.5,,,,,,,,Scaffold449p722985,70.2,,H3H07,33.9,,,,,TA46,52.88,,,,,CAV1SC103.1P126659,69.6,,,,,,,,,,,,,,OPAC12 450,36,,cs24d,16.9,,,,,,,,22.8,SNP_40001258,,,,,,,,,,,,
TA21,5.8,,H2B202,11.6,,OPAH11 558,108.3,,,,,,,,Cav1sc103.1P100830,70.8,,TS35,36.8,,,,,Ca4_45612191,57.54,,,,,scaffold449p722985,70.2,,,,,,,,,,,,,,OPAC12 403,40.7,,pgd1,24.7,,,,,,,,24.2,SNP_40001527,,,,,,,,,,,,
TAA55,12.5,,H2L102,11.6,,,,,,,,,,,,,,TA5,38,,,,,Ca4_46713972,62.67,,,,,CAV1SC103.1P100830,70.8,,,,,,,,,,,,,,STMS11,42.7,,cs52b,32,,,,,,,,30.6,TA2,,,,,,,,,,,,
TA180,17.2,,H6E07,11.6,,unnasigned lg1,,,,,,,,,LG3,,,TS43,40.1,,,,,Ca4_47861416,70.13,,,,,scaffold449p830576,71.4,,,,,,,,,,,,,,GA24,44.1,,cs52a,33.1,,,,,,,,31.3,SNP_40001008,,,,,,,,,,,,
TA18,22.3,,TS43,11.6,,UBC181 971,0,,,,,,,,Scaffold308p1446195,0,,TR59,42.5,,,,,Ca4_48715285,73.26,,,,,,,,,,,,,,,,,,,,OPR11 940,49.2,,cs52d,34.5,,,,,,,,31.6,SNP_40001863,,,,,,,,,,,,
TAA59,27.6,,H2I10,11.6,,OPF14 1410,16,,,,,,,,Scaffold1101p3466,3.6,,H6E07,45.2,,,,,CKAM1387,73.63,,,,,LG3,,,,,,,,,,,,,,,OPAF16 1025,53.7,,ubc744c,40,,,,,,,,31.6,SNP_40002217,,,,,,,,,,,,
TA28,33.2,,TAASH,12.1,,OPAC04 714,18.2,,,,,,,,Cav1sc179.1P475444,4.3,,TA116,46.4,,,,,,,,,,,scaffold308P1446195,0,,,,,,,,,,,,,,OPM02 935,56.9,,ubc552,57.7,,,,,,,,31.6,SNP_40001402,,,,,,,,,,,,
TA117,43.3,,H1O01,14.3,,OPAC12 890,19.3,,,,,,,,Sacffold291p.297065,5,,TA1,47.5,,,,,LG5,,,,,,scaffold1101P3466,3.6,,,,,,,,,,,,,,OPAF16 734,61.3,,ubc218b,78.4,,,,,,,,31.6,SNP_40002208,,,,,,,,,,,,
,,,H3C11(245) ,14.3,,OPZ01 1785,22.6,,,,,,,,Scaffold662p108135,5.7,,TS53,50.4,,,,,TA179,0,,,,,CAV1SC1791P475444,4.3,,,,,,,,,,,,,,OPQ05 293,63.8,,est2,88.5,,,,,,,,33,SNP_40002557,,,,,,,,,,,,
LG8A,,,TA71,16.1,,OPAF16 920,31.3,,,,,,,,Scaffold718p841535,6.4,,H5A08,55,,,,,NewChr18_7488559,5.38,,,,,scaffold291P297065,5,,,,,,,,,,,,,,GA02,65,,ubc318,97.5,,,,,,,,33.8,TA146,,,,,,,,,,,,
TS45,0,,,,,Mer13 1819,49.5,,,,,,,,Scaffold1213p167814,7.9,,TA116,60.7,,,,,TS43,8.01,,,,,scaffold662P108135,6.4,,,,,,,,,,,,,,OPR11 899,66,,ubc682a,105.3,,,,,,,,35.1,TA72,,,,,,,,,,,,
TA159,26.2,,LG6,,,,,,,,,,,,Scaffold227p149371,8.6,,H4D12,63.9,,,,,TAASH,13.31,,,,,scaffold1213P167814,7.9,,,,,,,,,,,,,,TS104,70.2,,ubc598b,115.1,,,,,,,,59.4,SNP_40000185,,,,,,,,,,,,
TA144,45.5,,TA14 ,0,,unnasigned lg2,,,,,,,,,Scaffold342p303880,9.3,,TAA104,67.6,,,,,TA39,17.52,,,,,scaffold227P149371,8.6,,,,,,,,,,,,,,UBC733 850,70.6,,ubc651a,121.5,,,,,,,,60.4,SNP_40001144,,,,,,,,,,,,
TA25,67,,TA196,3.5,,UBC881 1176,0,,,,,,,,Scaffold165p76711,10,,H3A10,75.4,,,,,TR29,17.83,,,,,scaffold342P303880,9.3,,,,,,,,,,,,,,OPAF16 985,72.3,,ubc858a,124.1,,,,,,,,60.4,SNP_40002226,,,,,,,,,,,,
,,,TR1,10.4,,OPX14 724,3.9,,,,,,,,Scaffold228p196897,10.6,,H4F02,88.9,,,,,CaM1068,22.51,,,,,scaffold165P76711,10,,,,,,,,,,,,,,TA130,75.6,,ubc77a,134.4,,,,,,,,60.4,SNP_40002225,,,,,,,,,,,,
LG8B,,,TR35 ,12.5,,OPM02 1112,16,,,,,,,,Cav1sc48.1P396061,11.3,,TA39,93,,,,,CaM0038,23.69,,,,,scaffold228P196897,10.6,,,,,,,,,,,,,,OPF05 580,77.7,,,,,,,,,,,60.4,SNP_40000390,,,,,,,,,,,,
TA127,0,,H5A04 ,27.9,,,,,,,,,,,Scaffold1777p70396,12,,TR29,99.8,,,,,CaM0836,25.47,,,,,CAV1SC48.1P396061,11.3,,,,,,,,,,,,,,TS54,77.8,,VIII,,,,,,,,,61.1,SNP_40001230,,,,,,,,,,,,
AGLC29,28.2,,TR7 ,33.9,,unnasigned lg3,,,,,,,,,Scaffold364p86929,13.5,,TR18,115.9,,,,,CaM1228,27.44,,,,,scaffold1777P70396,12,,,,,,,,,,,,,,OPQ05 574,79,,ubc310d,0,,,,,,,,61.1,SNP_40001785,,,,,,,,,,,,
,,,TR44,38,,OPAF06 664,0,,,,,,,,Cav1sc548.1P43520,15.8,,TA11,133.7,,,,,H2L102,29.4,,,,,scaffold364P86929,13.5,,,,,,,,,,,,,,TR20,81,,ubc733a,23.3,,,,,,,,61.1,SNP_40000397,,,,,,,,,,,,
,,,TA80,39.6,,UBC181 566,11.1,,,,,,,,Scaffold1313p59187,17.9,,TA179,158.6,,,,,TR59,30,,,,,CAV1SC458.1P43520,15.8,,,,,,,,,,,,,,UBC881 1274,82.8,,ubc285d,45.7,,,,,,,,61.1,SNP_40000426,,,,,,,,,,,,
,,,H1F21,40.7,,,,,,,,,,,Scaffold498p29571,18.5,,,,,,,,TA5,30.3,,,,,scaffold1313P59187,17.9,,,,,,,,,,,,,,OPAC04 1238,86.4,,ubc682e,62.7,,,,,,,,67.6,SNP_40002500,,,,,,,,,,,,
,,,H1D221,40.7,,unnasigned lg4,,,,,,,,,Scaffold714p220477,20.5,,LG6,,,,,,CaM0423,31.21,,,,,scaffold498P29571,18.5,,,,,,,,,,,,,,TA72,89,,ubc52lc,73,,,,,,,,67.9,SNP_40001529,,,,,,,,,,,,
,,,H1I09,40.7,,OPX04 748,0,,,,,,,,Cav1sc71.1P237291,21.1,,TR44,0,,,,,CaM0848,34.03,,,,,scaffold714P220477,20.5,,,,,,,,,,,,,,OPAH11 1280,98.6,,ubc743,81.8,,,,,,,,67.9,SNP_40000160,,,,,,,,,,,,
,,,TA22,41.2,,UBC881 879,3.5,,,,,,,,Scaffold28p2999987,23.5,,TA120,13.8,,,,,TA71,39.28,,,,,CAV1SC71.1P237291,21.1,,,,,,,,,,,,,,OPX13 1000,109.4,,ubc652a,89.1,,,,,,,,67.9,SNP_40002525,,,,,,,,,,,,
,,,H4G01,41.2,,,,,,,,,,,Scaffold28p1702903,28.6,,TA14,35.5,,,,,Ca5_24153158,40.19,,,,,scaffold28p2999987,23.5,,,,,,,,,,,,,,TA146,112.9,,ubc425,96.9,,,,,,,,68.6,SNP_40000749,,,,,,,,,,,,
,,,H4H01,41.2,,,,,,,,,,,Scaffold687p513070,33.2,,STMS15,40.4,,,,,NewChr9_7033275,42.22,,,,,scaffold28p1702903,28.6,,,,,,,,,,,,,,OPAI09 1276,115.8,,ubc285c,116.1,,,,,,,,73,SNP_40000925,,,,,,,,,,,,
,,,H4G05,41.2,,,,,,,,,,,Scaffold1871p14410,35.7,,TR1,55.6,,,,,Ca5_30441050,54.99,,,,,scaffold687p513070,33.2,,,,,,,,,,,,,,TA2,116.1,,ubc712b,125.4,,,,,,,,73.3,SNP_40001238,,,,,,,,,,,,
,,,H4H10,41.7,,,,,,,,,,,Scaffold1871p875930,36.9,,H1B11,66,,,,,Ca5_32829103,59.69,,,,,scaffold1871p14410,35.7,,,,,,,,,,,,,,STMS24,117.1,,ubc712a,125.8,,,,,,,,75,TA130,,,,,,,,,,,,
,,,H1H18,42.8,,,,,,,,,,,Scaffold1871p1641253,40,,H1F21,75.6,,,,,CaM0123,62.82,,,,,scaffold1871p875930,36.9,,,,,,,,,,,,,,UBC881 1186,118.3,,ubc719c,141.5,,,,,,,,84.1,SNP_40000750,,,,,,,,,,,,
,,,TA176,46.7,,,,,,,,,,,Scaffold1871p1719965,40.6,,TA127,93.4,,,,,STMS22,74.54,,,,,scaffold1871p641253,40,,,,,,,,,,,,,,OPX04 700,120.8,,ubc423c,149.8,,,,,,,,,,,,,,,,,,,,,
,,,GAA129b,51.7,,,,,,,,,,,Scaffold1871p2358126,41.2,,H3B01,114.4,,,,,Ca5_36238875,78.75,,,,,scaffold1871p1719965,40.6,,,,,,,,,,,,,,,,,ubc90a,151.6,,,,,,,,Lasseter X ICC3996 LG4.2,,,,,,,,,,,,,
,,,H1I05,51.7,,,,,,,,,,,Cav1sc24.1P381212,41.8,,TR7,128.8,,,,,Ca5_38064631,81.39,,,,,scaffold2358126,41.2,,,,,,,,,,,,,,LG5,,,ubc239d,160.4,,,,,,,,0,SNP_40001748,,,,,,,,,,,,
,,,GA129a,55.3,,,,,,,,,,,Cav1sc68.1P14741,47,,TA80,138.3,,,,,Ca5_44902608,88.85,,,,,CAV1SC24.1P381212,41.8,,,,,,,,,,,,,,OPB17 429,0,,,,,,,,,,,0,SNP_40001090,,,,,,,,,,,,
,,,H4E09 ,56.2,,,,,,,,,,,Cav1sc68.1P136177,48.7,,TA176,140.3,,,,,Ca5_44939033,89.71,,,,,CAV1SC68.1P614741,47,,,,,,,,,,,,,,STMS22,10,,IX,,,,,,,,,0.3,SNP_40000840,,,,,,,,,,,,
,,,TR40,57,,,,,,,,,,,Scaffold1208p665588,49.2,,TR40,142.9,,,,,CaM0463,91.31,,,,,CAV1SC68.1P136177,48.7,,,,,,,,,,,,,,OPR11 867,18.5,,ubc836a,0,,,,,,,,0.6,SNP_40000194,,,,,,,,,,,,
,,,STMS2,84.2,,,,,,,,,,,Scaffold1208p582465,49.8,,TA22,143.9,,,,,ICCM0120a,94.22,,,,,scaffold1208p665588,49.2,,,,,,,,,,,,,,MER13 770,32,,ubc310c,11.4,,,,,,,,2.7,SNP_40001505,,,,,,,,,,,,
,,,GA9,99.1,,,,,,,,,,,Cav1sc111.1P585303,52.8,,STMS22,164,,,,,Ca5_42838374,95.57,,,,,scaffold1208p582465,49.8,,,,,,,,,,,,,,OPAI09 1855,38.6,,ubc310b,14.8,,,,,,,,24.7,SNP_40001310,,,,,,,,,,,,
,,,TA106,108.3,,,,,,,,,,,Cav1sc111.1P557263,53.3,,TA106,180,,,,,Ca5_40410716,98.07,,,,,CAV1SC111.1P585303,52.8,,,,,,,,,,,,,,GA04,45.1,,ubc165a,24.1,,,,,,,,25,SNP_40001035,,,,,,,,,,,,
,,,,,,,,,,,,,,,Cav1sc111.1P284754,55,,GA26,197.2,,,,,Ca5_29642055,107.65,,,,,CAV1SC111.1P557263,53.3,,,,,,,,,,,,,,OPU11 811,48.4,,cs39d,27.5,,,,,,,,,,,,,,,,,,,,,
,,,LG7,,,,,,,,,,,,Cav1sc3.1P2460923,60.5,,GA21,206,,,,,,,,,,,CAV1SC111.1P284754,55,,,,,,,,,,,,,,TS43,54.3,,cs63b,37.3,,,,,,,,,,,,,,,,,,,,,
,,,H2E13,0,,,,,,,,,,,Cav1sc3.1P1595446,62.2,,,,,,,,LG6,,,,,,CAV1SC3.1P2460923,60.5,,,,,,,,,,,,,,OPQ04 940,55.4,,ubc811a,44.1,,,,,,,,,,,,,,,,,,,,,
,,,TA93,7.9,,,,,,,,,,,Cav1sc3.1P1477115,63.3,,LG7,,,,,,Ca6_58897252,0,,,,,CAV1SC3.1P1595446,62.2,,,,,,,,,,,,,,STMS07,57.7,,cs7a,55,,,,,,,,,,,,,,,,,,,,,
,,,TA44s,29.5,,,,,,,,,,,Cav1sc3.1P297039,63.8,,TS62,0,,,,,STMS15,7.87,,,,,CAV1SC3.1P1477115,63.3,,,,,,,,,,,,,,OPU11 278,58.6,,ubc825b,59.6,,,,,,,,,,,,,,,,,,,,,
,,,TA78,38.8,,,,,,,,,,,Cav1sc26.1P645183,72.2,,TA21,20.7,,,,,TA196,12.95,,,,,CAV1SC3.1P1297039,63.8,,,,,,,,,,,,,,OPM02 654,59.8,,cs39b,62.2,,,,,,,,,,,,,,,,,,,,,
,,,H5H06,40.4,,,,,,,,,,,,,,TS28,29.8,,,,,TR1,20.81,,,,,CAV1SC26.1P645183,72.2,,,,,,,,,,,,,,TR59,60.5,,ubc413a,64.4,,,,,,,,,,,,,,,,,,,,,
,,,TAA55,41,,,,,,,,,,,LG4,,,TA78,40.6,,,,,Ca6_26439443,23.38,,,,,CAV1SC152.1P79343,75.1,,,,,,,,,,,,,,OPR11 2160,61.5,,ubc239c,75.3,,,,,,,,,,,,,,,,,,,,,
,,,TA180,41,,,,,,,,,,,,,,TA180,42.5,,,,,Ca6_54233951,24.66,,,,,,,,,,,,,,,,,,,,TA05,62.2,,ubc156,91.6,,,,,,,,,,,,,,,,,,,,,
,,,H5E11,41,,,,,,,,,,,,,,H3D05,43.6,,,,,Ca6_27650765,32.41,,,,,LG4,,,,,,,,,,,,,,,TA42,63,,ubc711,104.1,,,,,,,,,,,,,,,,,,,,,
,,,H3G06,41,,,,,,,,,,,,,,TAA104,44.5,,,,,TR44,32.41,,,,,CAV1SC9.1P693069,0,,,,,,,,,,,,,,TS53,63.2,,,,,,,,,,,,,,,,,,,,,,,,
,,,H2B19,41,,,,,,,,,,,,,,TA140,45.3,,,,,Ca6_29163667,34.46,,,,,CAV1SC9.1P1232713,3.5,,,,,,,,,,,,,,TAASH,63.3,,,,,,,,,,,,,,,,,,,,,,,,
,,,H1C22,41,,,,,,,,,,,,,,H1C22,48.1,,,,,NewChr5_6446419,39.86,,,,,CAV1SC9.1P1582445,4.1,,,,,,,,,,,,,,MER13 177,64,,,,,,,,,,,,,,,,,,,,,,,,
,,,TA18,41,,,,,,,,,,,,,,TA116,51.8,,,,,NewChr3_8076588,40.24,,,,,scaffold34p1977386,4.6,,,,,,,,,,,,,,TA179,64.1,,,,,,,,,,,,,,,,,,,,,,,,
,,,H3G032,41,,,,,,,,,,,,,,TA127,60.7,,,,,Ca6_48108283,41.32,,,,,CAV1SC9.1P2145342,6.3,,,,,,,,,,,,,,TA71,64.7,,,,,,,,,,,,,,,,,,,,,,,,
,,,H4H06,41.5,,,,,,,,,,,,,,H5H06,71.9,,,,,NewChr8_8753564,42.36,,,,,scaffold1978P148211,6.9,,,,,,,,,,,,,,TS35s,65.6,,,,,,,,,,,,,,,,,,,,,,,,
,,,TA150,41.5,,,,,,,,,,,,,,H1A10,80.4,,,,,CaM0594,46.22,,,,,scaffold1978P872430,8,,,,,,,,,,,,,,OPAC04 585,67.3,,,,,,,,,,,,,,,,,,,,,,,,
,,,TA117,42,,,,,,,,,,,,,,TAA104,92.6,,,,,CaM0317,48.09,,,,,scaffold1978P1122196,8.6,,,,,,,,,,,,,,OPB17 581,68,,,,,,,,,,,,,,,,,,,,,,,,
,,,TA28,44.2,,,,,,,,,,,,,,STMS25,104.5,,,,,CaM0639,50.18,,,,,CAV1SC25.1P1927917,9.1,,,,,,,,,,,,,,OPX04 1460,69.4,,,,,,,,,,,,,,,,,,,,,,,,
,,,H5G12H1O12 ,45.8,,,,,,,,,,,,,,STMS9,120.3,,,,,H3B08,52.53,,,,,CAV1SC25.1P1095608,10.2,,,,,,,,,,,,,,OPM02 678,70.5,,,,,,,,,,,,,,,,,,,,,,,,
,,,H2J20 ,45.8,,,,,,,,,,,,,,NCPGR19,139.2,,,,,CaM0464,54.01,,,,,scaffold1758p2675534,10.8,,,,,,,,,,,,,,TA39,73,,,,,,,,,,,,,,,,,,,,,,,,
,,,H1J12,46.5,,,,,,,,,,,,,,TS46,158.4,,,,,CaM1693,54.3,,,,,scaffold1758p3567468,11.4,,,,,,,,,,,,,,RGA01,75.4,,,,,,,,,,,,,,,,,,,,,,,,
,,,H2B02 ,47.2,,,,,,,,,,,,,,TR28,173.5,,,,,CaM1402,55.16,,,,,scaffold1758p2146922,12.5,,,,,,,,,,,,,,OPAI09 1777,83.7,,,,,,,,,,,,,,,,,,,,,,,,
,,,H1J16 ,50.9,,,,,,,,,,,,,,TA18,176.6,,,,,TA22,56.02,,,,,scaffold1758p1888469,13.7,,,,,,,,,,,,,,OPAH11 613,86.2,,,,,,,,,,,,,,,,,,,,,,,,
,,,,,,,,,,,,,,,,,,TA44,196,,,,,H1L161,56.99,,,,,scaffold1758p1006151,15.5,,,,,,,,,,,,,,,,,,,,,,,,,,,,,,,,,,,,,,,
,,,LG8,,,,,,,,,,,,,,,,,,,,,TA80,57.67,,,,,CAV1SC58.1P571352,16.1,,,,,,,,,,,,,,LG6,,,,,,,,,,,,,,,,,,,,,,,,,
,,,GAA46,0,,,,,,,,,,,,,,LG8,,,,,,CKAM1175,59.4,,,,,scaffold360p479554,16.6,,,,,,,,,,,,,,UBC881 879,0,,,,,,,,,,,,,,,,,,,,,,,,
,,,GA6,7.5,,,,,,,,,,,,,,TA118,0,,,,,Ca6_52028669,63.25,,,,,CAV1SC58.1P346798,17.2,,,,,,,,,,,,,,OPX04 748,6.4,,,,,,,,,,,,,,,,,,,,,,,,
,,,TS45,23.9,,,,,,,,,,,,,,GA6,8.9,,,,,H5A04,65,,,,,CAV1SC2.1P5035513,17.8,,,,,,,,,,,,,,UBC881 469,15.9,,,,,,,,,,,,,,,,,,,,,,,,
,,,TA25,40.8,,,,,,,,,,,,,,TS57,20.8,,,,,TA176,66.2,,,,,scaffold360p644415,18.3,,,,,,,,,,,,,,MER13 181,25.2,,,,,,,,,,,,,,,,,,,,,,,,
,,,H3C11(180),41.3,,,,,,,,,,,,,,TS45,33.7,,,,,CaM0753,66.49,,,,,CAV1SC2.1P3633116,24.9,,,,,,,,,,,,,,RGA10,34.5,,,,,,,,,,,,,,,,,,,,,,,,
,,,H1C092,41.8,,,,,,,,,,,,,,TA3,43.2,,,,,Ca6_20786192,76.4,,,,,CAV1SC2.1P3082421,26,,,,,,,,,,,,,,OPZ01 1785,50.3,,,,,,,,,,,,,,,,,,,,,,,,
,,,H1B09,45.1,,,,,,,,,,,,,,TA127,51.9,,,,,GA34,87.4,,,,,CAV1SC2.1P2945721,26.6,,,,,,,,,,,,,,OPAC12 890,53.6,,,,,,,,,,,,,,,,,,,,,,,,
,,,,,,,,,,,,,,,,,,TA25,55.1,,,,,Ca6_17268071,88.55,,,,,scaffold405p948196,27.1,,,,,,,,,,,,,,OPAC04 714,55.6,,,,,,,,,,,,,,,,,,,,,,,,
,,,unnasigned pair,,,,,,,,,,,,,,,TS12,57.3,,,,,CaM0244,96.62,,,,,CAV1SC2.1P2866837,27.7,,,,,,,,,,,,,,OPF14 1410,58,,,,,,,,,,,,,,,,,,,,,,,,
,,,GA26,0,,,,,,,,,,,,,,H5B04,60.7,,,,,Ca6_14194401,105.72,,,,,scaffold405p2153718,31.4,,,,,,,,,,,,,,TA80,60.1,,,,,,,,,,,,,,,,,,,,,,,,
,,,H1I16,0.5,,,,,,,,,,,,,,TA144,66.3,,,,,Ca6_12582861,107.68,,,,,CAV1SC2.1P1872075,32,,,,,,,,,,,,,,OPAF16 920,69.8,,,,,,,,,,,,,,,,,,,,,,,,
,,,,,,,,,,,,,,,,,,,,,,,,CKAM1489,109.23,,,,,CAV1SC2.1P1435160,32.6,,,,,,,,,,,,,,UBC181 971,85.2,,,,,,,,,,,,,,,,,,,,,,,,
,,,,,,,,,,,,,,,,,,,,,,,,CKAM1170,110.89,,,,,scaffold405p3186244,34.4,,,,,,,,,,,,,,,,,,,,,,,,,,,,,,,,,,,,,,,
,,,,,,,,,,,,,,,,,,,,,,,,Ca6_10493066,112.54,,,,,CAV1SC2.1P566504,35,,,,,,,,,,,,,,LG7,,,,,,,,,,,,,,,,,,,,,,,,,
,,,,,,,,,,,,,,,,,,,,,,,,Ca6_5321252,118.45,,,,,CAV1SC2.1P1129668,35.6,,,,,,,,,,,,,,UBC181 818,0,,,,,,,,,,,,,,,,,,,,,,,,
,,,,,,,,,,,,,,,,,,,,,,,,Ca6_5664350,121.09,,,,,scaffold405p3450200,36.2,,,,,,,,,,,,,,Repfact,18.1,,,,,,,,,,,,,,,,,,,,,,,,
,,,,,,,,,,,,,,,,,,,,,,,,Ca6_5208429,123.79,,,,,scaffold77p2859561,39.2,,,,,,,,,,,,,,OPQ05 819,42.5,,,,,,,,,,,,,,,,,,,,,,,,
,,,,,,,,,,,,,,,,,,,,,,,,Ca6_3483045,132.46,,,,,scaffold77p2742838,39.8,,,,,,,,,,,,,,OPAH11 532,51.4,,,,,,,,,,,,,,,,,,,,,,,,
,,,,,,,,,,,,,,,,,,,,,,,,H1I16,139.34,,,,,scaffold77p1818751,42.2,,,,,,,,,,,,,,OPX14 350,54.2,,,,,,,,,,,,,,,,,,,,,,,,
,,,,,,,,,,,,,,,,,,,,,,,,GA26,141.67,,,,,scaffold77p1747620,42.8,,,,,,,,,,,,,,UBC733 1076,54.7,,,,,,,,,,,,,,,,,,,,,,,,
,,,,,,,,,,,,,,,,,,,,,,,,,,,,,,CAV1SC317.1P224893,43.9,,,,,,,,,,,,,,OPX13 840,57.4,,,,,,,,,,,,,,,,,,,,,,,,
,,,,,,,,,,,,,,,,,,,,,,,,LG7,,,,,,scaffold77p31132,45.1,,,,,,,,,,,,,,TA18,60.6,,,,,,,,,,,,,,,,,,,,,,,,
,,,,,,,,,,,,,,,,,,,,,,,,Ca7_3672236,0,,,,,scaffold1326p154972,45.7,,,,,,,,,,,,,,Uca/uca,61.6,,,,,,,,,,,,,,,,,,,,,,,,
,,,,,,,,,,,,,,,,,,,,,,,,Ca7_5954778,1.56,,,,,scaffold1326p37841,46.4,,,,,,,,,,,,,,TA180,62.8,,,,,,,,,,,,,,,,,,,,,,,,
,,,,,,,,,,,,,,,,,,,,,,,,Ca7_7423419,5.42,,,,,CAV1SC129.1P443461,47.6,,,,,,,,,,,,,,TA78,65.5,,,,,,,,,,,,,,,,,,,,,,,,
,,,,,,,,,,,,,,,,,,,,,,,,Ca7_7874104,7.28,,,,,CAV1SC77.1P175059,48.1,,,,,,,,,,,,,,OPQ04 1670,66,,,,,,,,,,,,,,,,,,,,,,,,
,,,,,,,,,,,,,,,,,,,,,,,,Ca7_8441073,10.17,,,,,CAV1SC129.1P265821,48.7,,,,,,,,,,,,,,TA28,68.3,,,,,,,,,,,,,,,,,,,,,,,,
,,,,,,,,,,,,,,,,,,,,,,,,Ca7_9458260,14.18,,,,,scaffold1351p194481,51.2,,,,,,,,,,,,,,OPX13 750,69.7,,,,,,,,,,,,,,,,,,,,,,,,
,,,,,,,,,,,,,,,,,,,,,,,,TA44,30.53,,,,,scaffold2005p25023,51.8,,,,,,,,,,,,,,OPAH11 558,84.3,,,,,,,,,,,,,,,,,,,,,,,,
,,,,,,,,,,,,,,,,,,,,,,,,Ca7_20293669,44.42,,,,,scaffold320p2751278,52.5,,,,,,,,,,,,,,,,,,,,,,,,,,,,,,,,,,,,,,,
,,,,,,,,,,,,,,,,,,,,,,,,TAA58,45.25,,,,,scaffold320p2686095,53.6,,,,,,,,,,,,,,,,,,,,,,,,,,,,,,,,,,,,,,,
,,,,,,,,,,,,,,,,,,,,,,,,H1C22,45.55,,,,,scaffold320p2599156,54.2,,,,,,,,,,,,,,LG8,,,,,,,,,,,,,,,,,,,,,,,,,
,,,,,,,,,,,,,,,,,,,,,,,,TA78,45.83,,,,,scaffold3794p57002,56.1,,,,,,,,,,,,,,OPAI09 888,0,,,,,,,,,,,,,,,,,,,,,,,,
,,,,,,,,,,,,,,,,,,,,,,,,TA18,46.4,,,,,scaffold3258p54397,56.7,,,,,,,,,,,,,,OPQ05 1369,17.1,,,,,,,,,,,,,,,,,,,,,,,,
,,,,,,,,,,,,,,,,,,,,,,,,CaM0443,46.97,,,,,scaffold75p897,59.8,,,,,,,,,,,,,,OPX13 540,20.9,,,,,,,,,,,,,,,,,,,,,,,,
,,,,,,,,,,,,,,,,,,,,,,,,Ca7_27711879,47.74,,,,,CAV1SC39.1P119450,60.4,,,,,,,,,,,,,,TA03,27.2,,,,,,,,,,,,,,,,,,,,,,,,
,,,,,,,,,,,,,,,,,,,,,,,,Ca7_41654010,48.27,,,,,scaffold27p2264111,61,,,,,,,,,,,,,,TA25,28,,,,,,,,,,,,,,,,,,,,,,,,
,,,,,,,,,,,,,,,,,,,,,,,,Ca7_39215009,48.99,,,,,CAV1SC39.1P72391,61.6,,,,,,,,,,,,,,TS12,28.5,,,,,,,,,,,,,,,,,,,,,,,,
,,,,,,,,,,,,,,,,,,,,,,,,Ca7_33570982,49.4,,,,,CAV1SC39.1P935727,64.7,,,,,,,,,,,,,,OPAF06 988,31.2,,,,,,,,,,,,,,,,,,,,,,,,
,,,,,,,,,,,,,,,,,,,,,,,,Ca7_30029820,56.8,,,,,CAV1SC242.1P528294,67.6,,,,,,,,,,,,,,OPAF06 947,31.7,,,,,,,,,,,,,,,,,,,,,,,,
,,,,,,,,,,,,,,,,,,,,,,,,Ca7_30029980,57.55,,,,,CAV1SC242.1P311297,68.1,,,,,,,,,,,,,,RG04,45.4,,,,,,,,,,,,,,,,,,,,,,,,
,,,,,,,,,,,,,,,,,,,,,,,,CKAM0165,59.29,,,,,CAV1SC89.1P500580,71.6,,,,,,,,,,,,,,OPAF16 600,73,,,,,,,,,,,,,,,,,,,,,,,,
,,,,,,,,,,,,,,,,,,,,,,,,,,,,,,scaffold1534p1404651,73.4,,,,,,,,,,,,,,,,,,,,,,,,,,,,,,,,,,,,,,,
,,,,,,,,,,,,,,,,,,,,,,,,LG8,,,,,,scaffold1534p1421244,73.9,,,,,,,,,,,,,,,,,,,,,,,,,,,,,,,,,,,,,,,
,,,,,,,,,,,,,,,,,,,,,,,,TS45,0,,,,,CAV1SC89.1P28720,74.5,,,,,,,,,,,,,,,,,,,,,,,,,,,,,,,,,,,,,,,
,,,,,,,,,,,,,,,,,,,,,,,,CKAM0997,21.18,,,,,CAV1SC89.1P3429,75.1,,,,,,,,,,,,,,,,,,,,,,,,,,,,,,,,,,,,,,,
,,,,,,,,,,,,,,,,,,,,,,,,Ca8_9389347,23.84,,,,,CAV1SC132.1P261467,76.2,,,,,,,,,,,,,,,,,,,,,,,,,,,,,,,,,,,,,,,
,,,,,,,,,,,,,,,,,,,,,,,,Ca8_8486370,26.08,,,,,CAV1SC36.1P711069,83.1,,,,,,,,,,,,,,,,,,,,,,,,,,,,,,,,,,,,,,,
,,,,,,,,,,,,,,,,,,,,,,,,NewChr11_874176,30.44,,,,,CAV1SC183.1P40364,86,,,,,,,,,,,,,,,,,,,,,,,,,,,,,,,,,,,,,,,
,,,,,,,,,,,,,,,,,,,,,,,,H5B04,31.66,,,,,,,,,,,,,,,,,,,,,,,,,,,,,,,,,,,,,,,,,,,,,
,,,,,,,,,,,,,,,,,,,,,,,,H1C092,32.29,,,,,LG5,,,,,,,,,,,,,,,,,,,,,,,,,,,,,,,,,,,,,,,,
,,,,,,,,,,,,,,,,,,,,,,,,TA25,32.59,,,,,scaffold52p137529,0,,,,,,,,,,,,,,,,,,,,,,,,,,,,,,,,,,,,,,,
,,,,,,,,,,,,,,,,,,,,,,,,TA144,35.35,,,,,scaffold810p221724,2.5,,,,,,,,,,,,,,,,,,,,,,,,,,,,,,,,,,,,,,,
,,,,,,,,,,,,,,,,,,,,,,,,,,,,,,CAV1SC205.1p493279,5.7,,,,,,,,,,,,,,,,,,,,,,,,,,,,,,,,,,,,,,,
,,,,,,,,,,,,,,,,,,,,,,,,,,,,,,scaffold772p46380,6.3,,,,,,,,,,,,,,,,,,,,,,,,,,,,,,,,,,,,,,,
,,,,,,,,,,,,,,,,,,,,,,,,,,,,,,scaffold931p154301,6.9,,,,,,,,,,,,,,,,,,,,,,,,,,,,,,,,,,,,,,,
,,,,,,,,,,,,,,,,,,,,,,,,,,,,,,scaffold210p115540,7.5,,,,,,,,,,,,,,,,,,,,,,,,,,,,,,,,,,,,,,,
,,,,,,,,,,,,,,,,,,,,,,,,,,,,,,scaffold41p65387,8.1,,,,,,,,,,,,,,,,,,,,,,,,,,,,,,,,,,,,,,,
,,,,,,,,,,,,,,,,,,,,,,,,,,,,,,scaffold99p53066,8.8,,,,,,,,,,,,,,,,,,,,,,,,,,,,,,,,,,,,,,,
,,,,,,,,,,,,,,,,,,,,,,,,,,,,,,scaffold1319p592,9.4,,,,,,,,,,,,,,,,,,,,,,,,,,,,,,,,,,,,,,,
,,,,,,,,,,,,,,,,,,,,,,,,,,,,,,scaffold23p520992,12,,,,,,,,,,,,,,,,,,,,,,,,,,,,,,,,,,,,,,,
,,,,,,,,,,,,,,,,,,,,,,,,,,,,,,scaffold3362p65455,13.8,,,,,,,,,,,,,,,,,,,,,,,,,,,,,,,,,,,,,,,
,,,,,,,,,,,,,,,,,,,,,,,,,,,,,,scaffold188p413012,15.5,,,,,,,,,,,,,,,,,,,,,,,,,,,,,,,,,,,,,,,
,,,,,,,,,,,,,,,,,,,,,,,,,,,,,,CAV1SC8.1p413012,16.1,,,,,,,,,,,,,,,,,,,,,,,,,,,,,,,,,,,,,,,
,,,,,,,,,,,,,,,,,,,,,,,,,,,,,,CAV1SC8.1p184951,16.6,,,,,,,,,,,,,,,,,,,,,,,,,,,,,,,,,,,,,,,
,,,,,,,,,,,,,,,,,,,,,,,,,,,,,,scaffold1232p658530,18.5,,,,,,,,,,,,,,,,,,,,,,,,,,,,,,,,,,,,,,,
,,,,,,,,,,,,,,,,,,,,,,,,,,,,,,scaffold85p37837,25.5,,,,,,,,,,,,,,,,,,,,,,,,,,,,,,,,,,,,,,,
,,,,,,,,,,,,,,,,,,,,,,,,,,,,,,scaffold149p237269,26.8,,,,,,,,,,,,,,,,,,,,,,,,,,,,,,,,,,,,,,,
,,,,,,,,,,,,,,,,,,,,,,,,,,,,,,scaffold149p1385195,28.7,,,,,,,,,,,,,,,,,,,,,,,,,,,,,,,,,,,,,,,
,,,,,,,,,,,,,,,,,,,,,,,,,,,,,,scaffold502p383138,33.6,,,,,,,,,,,,,,,,,,,,,,,,,,,,,,,,,,,,,,,
,,,,,,,,,,,,,,,,,,,,,,,,,,,,,,scaffold1596p654470,39.9,,,,,,,,,,,,,,,,,,,,,,,,,,,,,,,,,,,,,,,
,,,,,,,,,,,,,,,,,,,,,,,,,,,,,,CAV1SC1.1p432638,58.2,,,,,,,,,,,,,,,,,,,,,,,,,,,,,,,,,,,,,,,
,,,,,,,,,,,,,,,,,,,,,,,,,,,,,,scaffold2058p1860046,60,,,,,,,,,,,,,,,,,,,,,,,,,,,,,,,,,,,,,,,
,,,,,,,,,,,,,,,,,,,,,,,,,,,,,,CAV1SC1.1p4940145,61.2,,,,,,,,,,,,,,,,,,,,,,,,,,,,,,,,,,,,,,,
,,,,,,,,,,,,,,,,,,,,,,,,,,,,,,scaffold2058p1871915,61.8,,,,,,,,,,,,,,,,,,,,,,,,,,,,,,,,,,,,,,,
,,,,,,,,,,,,,,,,,,,,,,,,,,,,,,scaffold2058p4482876,71.8,,,,,,,,,,,,,,,,,,,,,,,,,,,,,,,,,,,,,,,
,,,,,,,,,,,,,,,,,,,,,,,,,,,,,,scaffold1211p1470943,83.4,,,,,,,,,,,,,,,,,,,,,,,,,,,,,,,,,,,,,,,
,,,,,,,,,,,,,,,,,,,,,,,,,,,,,,scaffold1211p1131006,85.9,,,,,,,,,,,,,,,,,,,,,,,,,,,,,,,,,,,,,,,
,,,,,,,,,,,,,,,,,,,,,,,,,,,,,,scaffold1211p152474,87.8,,,,,,,,,,,,,,,,,,,,,,,,,,,,,,,,,,,,,,,
,,,,,,,,,,,,,,,,,,,,,,,,,,,,,,,,,,,,,,,,,,,,,,,,,,,,,,,,,,,,,,,,,,,,,,
,,,,,,,,,,,,,,,,,,,,,,,,,,,,,,LG6,,,,,,,,,,,,,,,,,,,,,,,,,,,,,,,,,,,,,,,,
,,,,,,,,,,,,,,,,,,,,,,,,,,,,,,CAV1sc5.1p1482110,0,,,,,,,,,,,,,,,,,,,,,,,,,,,,,,,,,,,,,,,
,,,,,,,,,,,,,,,,,,,,,,,,,,,,,,scaffold241p964049,1.3,,,,,,,,,,,,,,,,,,,,,,,,,,,,,,,,,,,,,,,
,,,,,,,,,,,,,,,,,,,,,,,,,,,,,,scaffold241p1181379,2.5,,,,,,,,,,,,,,,,,,,,,,,,,,,,,,,,,,,,,,,
,,,,,,,,,,,,,,,,,,,,,,,,,,,,,,CAV1SC629.1p48559,6.5,,,,,,,,,,,,,,,,,,,,,,,,,,,,,,,,,,,,,,,
,,,,,,,,,,,,,,,,,,,,,,,,,,,,,,scaffold585p2579784,10.2,,,,,,,,,,,,,,,,,,,,,,,,,,,,,,,,,,,,,,,
,,,,,,,,,,,,,,,,,,,,,,,,,,,,,,scaffold565p2186404,11.4,,,,,,,,,,,,,,,,,,,,,,,,,,,,,,,,,,,,,,,
,,,,,,,,,,,,,,,,,,,,,,,,,,,,,,scaffold585p831940,13.2,,,,,,,,,,,,,,,,,,,,,,,,,,,,,,,,,,,,,,,
,,,,,,,,,,,,,,,,,,,,,,,,,,,,,,CAV1SC11.1p1795739,15,,,,,,,,,,,,,,,,,,,,,,,,,,,,,,,,,,,,,,,
,,,,,,,,,,,,,,,,,,,,,,,,,,,,,,CAV1SC848.1p27408,17.9,,,,,,,,,,,,,,,,,,,,,,,,,,,,,,,,,,,,,,,
,,,,,,,,,,,,,,,,,,,,,,,,,,,,,,scaffold91p1483454,25.8,,,,,,,,,,,,,,,,,,,,,,,,,,,,,,,,,,,,,,,
,,,,,,,,,,,,,,,,,,,,,,,,,,,,,,scaffold91p700813,26.3,,,,,,,,,,,,,,,,,,,,,,,,,,,,,,,,,,,,,,,
,,,,,,,,,,,,,,,,,,,,,,,,,,,,,,CAV1SC288.1p243547,26.9,,,,,,,,,,,,,,,,,,,,,,,,,,,,,,,,,,,,,,,
,,,,,,,,,,,,,,,,,,,,,,,,,,,,,,scaffold4403p64266,31.3,,,,,,,,,,,,,,,,,,,,,,,,,,,,,,,,,,,,,,,
,,,,,,,,,,,,,,,,,,,,,,,,,,,,,,CAV1SC321.1p73580,32.5,,,,,,,,,,,,,,,,,,,,,,,,,,,,,,,,,,,,,,,
,,,,,,,,,,,,,,,,,,,,,,,,,,,,,,CAV1SC384.1p171965,34.2,,,,,,,,,,,,,,,,,,,,,,,,,,,,,,,,,,,,,,,
,,,,,,,,,,,,,,,,,,,,,,,,,,,,,,CAV1SC35.1p893028,35.3,,,,,,,,,,,,,,,,,,,,,,,,,,,,,,,,,,,,,,,
,,,,,,,,,,,,,,,,,,,,,,,,,,,,,,CAV1SC87.1p715741,38.5,,,,,,,,,,,,,,,,,,,,,,,,,,,,,,,,,,,,,,,
,,,,,,,,,,,,,,,,,,,,,,,,,,,,,,CAV1SC28.1p539988,39.7,,,,,,,,,,,,,,,,,,,,,,,,,,,,,,,,,,,,,,,
,,,,,,,,,,,,,,,,,,,,,,,,,,,,,,CAV1SC28.1p721281,40.3,,,,,,,,,,,,,,,,,,,,,,,,,,,,,,,,,,,,,,,
,,,,,,,,,,,,,,,,,,,,,,,,,,,,,,CAV1SC0445.1p92883,42.5,,,,,,,,,,,,,,,,,,,,,,,,,,,,,,,,,,,,,,,
,,,,,,,,,,,,,,,,,,,,,,,,,,,,,,scaffold3843p176584,46.4,,,,,,,,,,,,,,,,,,,,,,,,,,,,,,,,,,,,,,,
,,,,,,,,,,,,,,,,,,,,,,,,,,,,,,scaffold1096p858507,52.7,,,,,,,,,,,,,,,,,,,,,,,,,,,,,,,,,,,,,,,
,,,,,,,,,,,,,,,,,,,,,,,,,,,,,,CAV1SC12.1p298945,53.3,,,,,,,,,,,,,,,,,,,,,,,,,,,,,,,,,,,,,,,
,,,,,,,,,,,,,,,,,,,,,,,,,,,,,,scaffold1015p390153,64.8,,,,,,,,,,,,,,,,,,,,,,,,,,,,,,,,,,,,,,,
,,,,,,,,,,,,,,,,,,,,,,,,,,,,,, scaffold1049p279318,65.4,,,,,,,,,,,,,,,,,,,,,,,,,,,,,,,,,,,,,,,
,,,,,,,,,,,,,,,,,,,,,,,,,,,,,,scaffold976p296704,66.1,,,,,,,,,,,,,,,,,,,,,,,,,,,,,,,,,,,,,,,
,,,,,,,,,,,,,,,,,,,,,,,,,,,,,,scaffold1670p63002,66.7,,,,,,,,,,,,,,,,,,,,,,,,,,,,,,,,,,,,,,,
,,,,,,,,,,,,,,,,,,,,,,,,,,,,,,scaffold517p229021,69.5,,,,,,,,,,,,,,,,,,,,,,,,,,,,,,,,,,,,,,,
,,,,,,,,,,,,,,,,,,,,,,,,,,,,,,CAV1SC54.1p810864,71.5,,,,,,,,,,,,,,,,,,,,,,,,,,,,,,,,,,,,,,,
,,,,,,,,,,,,,,,,,,,,,,,,,,,,,,scaffold1146p231052,72.8,,,,,,,,,,,,,,,,,,,,,,,,,,,,,,,,,,,,,,,
,,,,,,,,,,,,,,,,,,,,,,,,,,,,,,scaffold31873957,73.4,,,,,,,,,,,,,,,,,,,,,,,,,,,,,,,,,,,,,,,
,,,,,,,,,,,,,,,,,,,,,,,,,,,,,,scaffold1484p368342,74,,,,,,,,,,,,,,,,,,,,,,,,,,,,,,,,,,,,,,,
,,,,,,,,,,,,,,,,,,,,,,,,,,,,,,scaffold960p41905,76.6,,,,,,,,,,,,,,,,,,,,,,,,,,,,,,,,,,,,,,,
,,,,,,,,,,,,,,,,,,,,,,,,,,,,,,scaffold691p298571,77.2,,,,,,,,,,,,,,,,,,,,,,,,,,,,,,,,,,,,,,,
,,,,,,,,,,,,,,,,,,,,,,,,,,,,,,scaffold258p430758,79.1,,,,,,,,,,,,,,,,,,,,,,,,,,,,,,,,,,,,,,,
,,,,,,,,,,,,,,,,,,,,,,,,,,,,,,scaffold1646p97220,83.2,,,,,,,,,,,,,,,,,,,,,,,,,,,,,,,,,,,,,,,
,,,,,,,,,,,,,,,,,,,,,,,,,,,,,,scaffold245p395412,88.4,,,,,,,,,,,,,,,,,,,,,,,,,,,,,,,,,,,,,,,
,,,,,,,,,,,,,,,,,,,,,,,,,,,,,,CAV1SC145.1p405785,88.9,,,,,,,,,,,,,,,,,,,,,,,,,,,,,,,,,,,,,,,
,,,,,,,,,,,,,,,,,,,,,,,,,,,,,,CAV1SC145.1p500844,92.6,,,,,,,,,,,,,,,,,,,,,,,,,,,,,,,,,,,,,,,
,,,,,,,,,,,,,,,,,,,,,,,,,,,,,,scaffold1280p82085,95,,,,,,,,,,,,,,,,,,,,,,,,,,,,,,,,,,,,,,,
,,,,,,,,,,,,,,,,,,,,,,,,,,,,,,CAV1SC117.1p228695,95.5,,,,,,,,,,,,,,,,,,,,,,,,,,,,,,,,,,,,,,,
,,,,,,,,,,,,,,,,,,,,,,,,,,,,,,scaffold2255p45948,99.5,,,,,,,,,,,,,,,,,,,,,,,,,,,,,,,,,,,,,,,
,,,,,,,,,,,,,,,,,,,,,,,,,,,,,,,,,,,,,,,,,,,,,,,,,,,,,,,,,,,,,,,,,,,,,,
,,,,,,,,,,,,,,,,,,,,,,,,,,,,,,LG7,,,,,,,,,,,,,,,,,,,,,,,,,,,,,,,,,,,,,,,,
,,,,,,,,,,,,,,,,,,,,,,,,,,,,,,CAV1SC27.1P241759,0,,,,,,,,,,,,,,,,,,,,,,,,,,,,,,,,,,,,,,,
,,,,,,,,,,,,,,,,,,,,,,,,,,,,,,scaffold988p3831205,1.2,,,,,,,,,,,,,,,,,,,,,,,,,,,,,,,,,,,,,,,
,,,,,,,,,,,,,,,,,,,,,,,,,,,,,,scaffold988p3075889,2.9,,,,,,,,,,,,,,,,,,,,,,,,,,,,,,,,,,,,,,,
,,,,,,,,,,,,,,,,,,,,,,,,,,,,,,CAV1SC7.1P1524963,4.1,,,,,,,,,,,,,,,,,,,,,,,,,,,,,,,,,,,,,,,
,,,,,,,,,,,,,,,,,,,,,,,,,,,,,,CAV1SC7.1P912998,4.7,,,,,,,,,,,,,,,,,,,,,,,,,,,,,,,,,,,,,,,
,,,,,,,,,,,,,,,,,,,,,,,,,,,,,,CAV1SC7.1P481794,6.4,,,,,,,,,,,,,,,,,,,,,,,,,,,,,,,,,,,,,,,
,,,,,,,,,,,,,,,,,,,,,,,,,,,,,,CAV1SC172.1P110571,8.1,,,,,,,,,,,,,,,,,,,,,,,,,,,,,,,,,,,,,,,
,,,,,,,,,,,,,,,,,,,,,,,,,,,,,,CAV1SC172.1P406247,9.8,,,,,,,,,,,,,,,,,,,,,,,,,,,,,,,,,,,,,,,
,,,,,,,,,,,,,,,,,,,,,,,,,,,,,,CAV1SC13.1P153254,11.5,,,,,,,,,,,,,,,,,,,,,,,,,,,,,,,,,,,,,,,
,,,,,,,,,,,,,,,,,,,,,,,,,,,,,,CAV1SC13.1P699591,12,,,,,,,,,,,,,,,,,,,,,,,,,,,,,,,,,,,,,,,
,,,,,,,,,,,,,,,,,,,,,,,,,,,,,,CAV1SC13.1P801338,12.6,,,,,,,,,,,,,,,,,,,,,,,,,,,,,,,,,,,,,,,
,,,,,,,,,,,,,,,,,,,,,,,,,,,,,,scaffold320p1659554,13.2,,,,,,,,,,,,,,,,,,,,,,,,,,,,,,,,,,,,,,,
,,,,,,,,,,,,,,,,,,,,,,,,,,,,,,scaffold320p1286085,16.9,,,,,,,,,,,,,,,,,,,,,,,,,,,,,,,,,,,,,,,
,,,,,,,,,,,,,,,,,,,,,,,,,,,,,,scaffold320p54285,20.5,,,,,,,,,,,,,,,,,,,,,,,,,,,,,,,,,,,,,,,
,,,,,,,,,,,,,,,,,,,,,,,,,,,,,,scaffold320p310080,38.7,,,,,,,,,,,,,,,,,,,,,,,,,,,,,,,,,,,,,,,
,,,,,,,,,,,,,,,,,,,,,,,,,,,,,,scaffold320p872851,43.4,,,,,,,,,,,,,,,,,,,,,,,,,,,,,,,,,,,,,,,
,,,,,,,,,,,,,,,,,,,,,,,,,,,,,,CAV1SC102.1P700967,44,,,,,,,,,,,,,,,,,,,,,,,,,,,,,,,,,,,,,,,
,,,,,,,,,,,,,,,,,,,,,,,,,,,,,,CAV1SC102.1P548827,45.2,,,,,,,,,,,,,,,,,,,,,,,,,,,,,,,,,,,,,,,
,,,,,,,,,,,,,,,,,,,,,,,,,,,,,,CAV1SC102.1P221863,47.5,,,,,,,,,,,,,,,,,,,,,,,,,,,,,,,,,,,,,,,
,,,,,,,,,,,,,,,,,,,,,,,,,,,,,,scaffold2119p275103,49.3,,,,,,,,,,,,,,,,,,,,,,,,,,,,,,,,,,,,,,,
,,,,,,,,,,,,,,,,,,,,,,,,,,,,,,CAV1SC153.1P723957,52.8,,,,,,,,,,,,,,,,,,,,,,,,,,,,,,,,,,,,,,,
,,,,,,,,,,,,,,,,,,,,,,,,,,,,,,CAV1SC153.1P827499,53.3,,,,,,,,,,,,,,,,,,,,,,,,,,,,,,,,,,,,,,,
,,,,,,,,,,,,,,,,,,,,,,,,,,,,,,scaffold744p293380,54.5,,,,,,,,,,,,,,,,,,,,,,,,,,,,,,,,,,,,,,,
,,,,,,,,,,,,,,,,,,,,,,,,,,,,,,CAV1SC530.1P254871,55.7,,,,,,,,,,,,,,,,,,,,,,,,,,,,,,,,,,,,,,,
,,,,,,,,,,,,,,,,,,,,,,,,,,,,,,scaffold2204p18251,56.2,,,,,,,,,,,,,,,,,,,,,,,,,,,,,,,,,,,,,,,
,,,,,,,,,,,,,,,,,,,,,,,,,,,,,,scaffold1124p50848,56.8,,,,,,,,,,,,,,,,,,,,,,,,,,,,,,,,,,,,,,,
,,,,,,,,,,,,,,,,,,,,,,,,,,,,,,CAV1SC175.1P183016,59.1,,,,,,,,,,,,,,,,,,,,,,,,,,,,,,,,,,,,,,,
,,,,,,,,,,,,,,,,,,,,,,,,,,,,,,scaffold727p502131,59.7,,,,,,,,,,,,,,,,,,,,,,,,,,,,,,,,,,,,,,,
,,,,,,,,,,,,,,,,,,,,,,,,,,,,,,scaffold874p813923,60.3,,,,,,,,,,,,,,,,,,,,,,,,,,,,,,,,,,,,,,,
,,,,,,,,,,,,,,,,,,,,,,,,,,,,,,scaffold484p228833,60.9,,,,,,,,,,,,,,,,,,,,,,,,,,,,,,,,,,,,,,,
,,,,,,,,,,,,,,,,,,,,,,,,,,,,,,scaffold74p96855,61.5,,,,,,,,,,,,,,,,,,,,,,,,,,,,,,,,,,,,,,,
,,,,,,,,,,,,,,,,,,,,,,,,,,,,,,scaffold8p32957,62.1,,,,,,,,,,,,,,,,,,,,,,,,,,,,,,,,,,,,,,,
,,,,,,,,,,,,,,,,,,,,,,,,,,,,,,scaffold713p193053,64.1,,,,,,,,,,,,,,,,,,,,,,,,,,,,,,,,,,,,,,,
,,,,,,,,,,,,,,,,,,,,,,,,,,,,,,scaffold1466p245348,64.8,,,,,,,,,,,,,,,,,,,,,,,,,,,,,,,,,,,,,,,
,,,,,,,,,,,,,,,,,,,,,,,,,,,,,,scaffold331p45491,65.4,,,,,,,,,,,,,,,,,,,,,,,,,,,,,,,,,,,,,,,
,,,,,,,,,,,,,,,,,,,,,,,,,,,,,,scaffold1545p37164,66,,,,,,,,,,,,,,,,,,,,,,,,,,,,,,,,,,,,,,,
,,,,,,,,,,,,,,,,,,,,,,,,,,,,,,scaffold1545p203032,66.6,,,,,,,,,,,,,,,,,,,,,,,,,,,,,,,,,,,,,,,
,,,,,,,,,,,,,,,,,,,,,,,,,,,,,,scaffold1130p427110,67.2,,,,,,,,,,,,,,,,,,,,,,,,,,,,,,,,,,,,,,,
,,,,,,,,,,,,,,,,,,,,,,,,,,,,,,scaffold1374p486393,69.1,,,,,,,,,,,,,,,,,,,,,,,,,,,,,,,,,,,,,,,
,,,,,,,,,,,,,,,,,,,,,,,,,,,,,,scaffold175p18827,70.3,,,,,,,,,,,,,,,,,,,,,,,,,,,,,,,,,,,,,,,
,,,,,,,,,,,,,,,,,,,,,,,,,,,,,,scaffold175p1667982,70.9,,,,,,,,,,,,,,,,,,,,,,,,,,,,,,,,,,,,,,,
,,,,,,,,,,,,,,,,,,,,,,,,,,,,,,CAV1SC37.1P1000473,71.5,,,,,,,,,,,,,,,,,,,,,,,,,,,,,,,,,,,,,,,
,,,,,,,,,,,,,,,,,,,,,,,,,,,,,,CAV1SC37.1P1472401,72.1,,,,,,,,,,,,,,,,,,,,,,,,,,,,,,,,,,,,,,,
,,,,,,,,,,,,,,,,,,,,,,,,,,,,,,scaffold175p1882522,72.6,,,,,,,,,,,,,,,,,,,,,,,,,,,,,,,,,,,,,,,
,,,,,,,,,,,,,,,,,,,,,,,,,,,,,,CAV1SC32.1P294983,74.4,,,,,,,,,,,,,,,,,,,,,,,,,,,,,,,,,,,,,,,
,,,,,,,,,,,,,,,,,,,,,,,,,,,,,,CAV1SC32.1P937618,76.2,,,,,,,,,,,,,,,,,,,,,,,,,,,,,,,,,,,,,,,
,,,,,,,,,,,,,,,,,,,,,,,,,,,,,,scaffold418p13805,76.8,,,,,,,,,,,,,,,,,,,,,,,,,,,,,,,,,,,,,,,
,,,,,,,,,,,,,,,,,,,,,,,,,,,,,,scaffold152p683423,77.4,,,,,,,,,,,,,,,,,,,,,,,,,,,,,,,,,,,,,,,
,,,,,,,,,,,,,,,,,,,,,,,,,,,,,,scaffold372p213961,80.2,,,,,,,,,,,,,,,,,,,,,,,,,,,,,,,,,,,,,,,
,,,,,,,,,,,,,,,,,,,,,,,,,,,,,,,,,,,,,,,,,,,,,,,,,,,,,,,,,,,,,,,,,,,,,,
,,,,,,,,,,,,,,,,,,,,,,,,,,,,,,LG8,,,,,,,,,,,,,,,,,,,,,,,,,,,,,,,,,,,,,,,,
,,,,,,,,,,,,,,,,,,,,,,,,,,,,,,scaffold1567p387382,0,,,,,,,,,,,,,,,,,,,,,,,,,,,,,,,,,,,,,,,
,,,,,,,,,,,,,,,,,,,,,,,,,,,,,,scaffold1567p981540,0.6,,,,,,,,,,,,,,,,,,,,,,,,,,,,,,,,,,,,,,,
,,,,,,,,,,,,,,,,,,,,,,,,,,,,,,CAV1SC52.1P245557,9.4,,,,,,,,,,,,,,,,,,,,,,,,,,,,,,,,,,,,,,,
,,,,,,,,,,,,,,,,,,,,,,,,,,,,,,scaffold828p4201194,15.3,,,,,,,,,,,,,,,,,,,,,,,,,,,,,,,,,,,,,,,
,,,,,,,,,,,,,,,,,,,,,,,,,,,,,,CAV1SC4.1P558257,17.8,,,,,,,,,,,,,,,,,,,,,,,,,,,,,,,,,,,,,,,
,,,,,,,,,,,,,,,,,,,,,,,,,,,,,,CAV1SC4.1P835714,18.3,,,,,,,,,,,,,,,,,,,,,,,,,,,,,,,,,,,,,,,
,,,,,,,,,,,,,,,,,,,,,,,,,,,,,,CAV1SC4.1P943268,18.9,,,,,,,,,,,,,,,,,,,,,,,,,,,,,,,,,,,,,,,
,,,,,,,,,,,,,,,,,,,,,,,,,,,,,,scaffold828p3330841,22,,,,,,,,,,,,,,,,,,,,,,,,,,,,,,,,,,,,,,,
,,,,,,,,,,,,,,,,,,,,,,,,,,,,,,CAV1SC4.1P1429888,23.2,,,,,,,,,,,,,,,,,,,,,,,,,,,,,,,,,,,,,,,
,,,,,,,,,,,,,,,,,,,,,,,,,,,,,,CAV1SC4.1P1806776,24.3,,,,,,,,,,,,,,,,,,,,,,,,,,,,,,,,,,,,,,,
,,,,,,,,,,,,,,,,,,,,,,,,,,,,,,scaffold828p2245798,26.7,,,,,,,,,,,,,,,,,,,,,,,,,,,,,,,,,,,,,,,
,,,,,,,,,,,,,,,,,,,,,,,,,,,,,,scaffold828p2239189,27.9,,,,,,,,,,,,,,,,,,,,,,,,,,,,,,,,,,,,,,,
,,,,,,,,,,,,,,,,,,,,,,,,,,,,,,CAV1SC235.1P209225,29.7,,,,,,,,,,,,,,,,,,,,,,,,,,,,,,,,,,,,,,,
,,,,,,,,,,,,,,,,,,,,,,,,,,,,,,scaffold828p1492348,31.5,,,,,,,,,,,,,,,,,,,,,,,,,,,,,,,,,,,,,,,
,,,,,,,,,,,,,,,,,,,,,,,,,,,,,,scaffold828p652378,32.1,,,,,,,,,,,,,,,,,,,,,,,,,,,,,,,,,,,,,,,
,,,,,,,,,,,,,,,,,,,,,,,,,,,,,,CAV1SC20.1P605299,36.6,,,,,,,,,,,,,,,,,,,,,,,,,,,,,,,,,,,,,,,
,,,,,,,,,,,,,,,,,,,,,,,,,,,,,,scaffold928p122183,37.9,,,,,,,,,,,,,,,,,,,,,,,,,,,,,,,,,,,,,,,
,,,,,,,,,,,,,,,,,,,,,,,,,,,,,,CAV1SC20.1P2052230,42.9,,,,,,,,,,,,,,,,,,,,,,,,,,,,,,,,,,,,,,,
,,,,,,,,,,,,,,,,,,,,,,,,,,,,,,scaffold650p34783,45.1,,,,,,,,,,,,,,,,,,,,,,,,,,,,,,,,,,,,,,,
,,,,,,,,,,,,,,,,,,,,,,,,,,,,,,scaffold21p83604,45.8,,,,,,,,,,,,,,,,,,,,,,,,,,,,,,,,,,,,,,,
,,,,,,,,,,,,,,,,,,,,,,,,,,,,,,scaffold916p294166,54.3,,,,,,,,,,,,,,,,,,,,,,,,,,,,,,,,,,,,,,,
,,,,,,,,,,,,,,,,,,,,,,,,,,,,,,CAV1SC180.1P446345,55.7,,,,,,,,,,,,,,,,,,,,,,,,,,,,,,,,,,,,,,,
,,,,,,,,,,,,,,,,,,,,,,,,,,,,,,sacffold1283p10134,56.3,,,,,,,,,,,,,,,,,,,,,,,,,,,,,,,,,,,,,,,
,,,,,,,,,,,,,,,,,,,,,,,,,,,,,,scaffold147p267354,57,,,,,,,,,,,,,,,,,,,,,,,,,,,,,,,,,,,,,,,
,,,,,,,,,,,,,,,,,,,,,,,,,,,,,,scaffold267p297757,57.7,,,,,,,,,,,,,,,,,,,,,,,,,,,,,,,,,,,,,,,
,,,,,,,,,,,,,,,,,,,,,,,,,,,,,,scaffold937p67148,58.4,,,,,,,,,,,,,,,,,,,,,,,,,,,,,,,,,,,,,,,
,,,,,,,,,,,,,,,,,,,,,,,,,,,,,,scaffold1439p220499,59.8,,,,,,,,,,,,,,,,,,,,,,,,,,,,,,,,,,,,,,,
,,,,,,,,,,,,,,,,,,,,,,,,,,,,,,scaffold1060p97389,61.2,,,,,,,,,,,,,,,,,,,,,,,,,,,,,,,,,,,,,,,
,,,,,,,,,,,,,,,,,,,,,,,,,,,,,,scaffold384p145097,65,,,,,,,,,,,,,,,,,,,,,,,,,,,,,,,,,,,,,,,
,,,,,,,,,,,,,,,,,,,,,,,,,,,,,,scaffold225p963145,68.4,,,,,,,,,,,,,,,,,,,,,,,,,,,,,,,,,,,,,,,
,,,,,,,,,,,,,,,,,,,,,,,,,,,,,,scaffold88p247933,69,,,,,,,,,,,,,,,,,,,,,,,,,,,,,,,,,,,,,,,
,,,,,,,,,,,,,,,,,,,,,,,,,,,,,,CAV1SC38.1P211511,69.6,,,,,,,,,,,,,,,,,,,,,,,,,,,,,,,,,,,,,,,
,,,,,,,,,,,,,,,,,,,,,,,,,,,,,,scaffold225p919760,70.2,,,,,,,,,,,,,,,,,,,,,,,,,,,,,,,,,,,,,,,
,,,,,,,,,,,,,,,,,,,,,,,,,,,,,,CAV1SC38.1P724886,70.8,,,,,,,,,,,,,,,,,,,,,,,,,,,,,,,,,,,,,,,
,,,,,,,,,,,,,,,,,,,,,,,,,,,,,,scaffold8200p456,72,,,,,,,,,,,,,,,,,,,,,,,,,,,,,,,,,,,,,,,
,,,,,,,,,,,,,,,,,,,,,,,,,,,,,,CAV1SC679.1P39451,73.8,,,,,,,,,,,,,,,,,,,,,,,,,,,,,,,,,,,,,,,
,,,,,,,,,,,,,,,,,,,,,,,,,,,,,,CAV1SC399.1P61191,77.4,,,,,,,,,,,,,,,,,,,,,,,,,,,,,,,,,,,,,,,