Kottapalli 2008,,,Aryamanesh2009,,,Cobos2006ab,,,Varshney Fusarium wilt ,,,"Irulena et al.,2007",,,"Deokar et al., 2018",,,"Taran et al.,",,,"Anupama et al., 2018",,,Tosh et al,,,"Anuradha et al.,",,,"Daba et al.,",,,Varshney Ascochyta blight,,,Sharma and Muehlbauer et al LG2,,,"Halila et al.,2008",,,Gowda et al.,,,Palomino et al.,,,"Santra et al.,",,,"Sharma et al.,",,,"Patil et al.,",,,"Stephens et al.,",,,"Winter et al., 2000",,,Galvez ,,,Tekolgu et al,,,Anbessa et al. 2009,,Madrid et al. 2014,,Deokar et al. 2018,,Cho et al. 2004,,Kumar et al 2018,,"Udupa et.al., 2003"
LG1,,,LG1,,,LG1,,,LG1,,,LG2,,,LG1,,,LG1,,,LG1,,,LG1,,,LG3,,,LG1,,,LG1,,,LG2,,,LG2,,,LG2,,,LG1,,,I,,,TAA60,0,,1,,,S95362 X Howzat LG4,,,LG1,,,LG1,,,LG4,,,TA122,0,ILC72 X Rr5-10,,,,LG2a,,,,
TR8,0,,TA113 ,0,,OPAF06704,0,,TA8,0,,TA103,0,,CAV1SC15.1P1077795,0,,TA122,0,,F9,0,,GA11,0,,TR5,0,,CAV1SC15.1P1077795,0,,H1G16,0,,CS27,0,,TA110,0,,TA144,0,,OPAF06 704,0,,ubc72lb ,0,,TA194,11.8,,GA16,0,,SNP_40000642,0,,STMS13,0,,TR2,0,,ubc721T,0,,GAA40,4.7,LG2,,,,GA20,0,,,
TA113,3.4,,TR43,11.4,,OPAD091612,9.7,,H1G16,17.8,,TA110,14.1,,CAV1SC15.1P901225,2.3,,GAA40,4.7,,ubc858,4.1,,CaM1301,2.85,,TR2,6,,CAV1SC15.1P901225,2.3,,CaM1770,10.5,,foc-1,7.2,,TA200,12.1,,TA103x,10,,GA11,6.1,,ubcl3,10.3,,RACE3,26.1,,TS72-1,1.6,,SNP_40002577,0,,OPI06-3,15.1,,TA200,15.97,,ubc13,10.3,,TA8,23.3,MER131094,0,,,GA16,21.9,,,
TA8,10.9,,TA203 ,14.9,,ubc7331224,24.3,,TR43,37.2,,foc-5,20.6,,scaffold101p655539,5.3,,TA8,23.3,,TA20,6,,Ca1_2390202,14.44,,NO_Y_13,18,,scaffold101p655539,5.3,,CaM2101,25.4,,foc-5,9.2,,TS47,13.6,,TA194,18.7,,OPAD09 1612,16.7,,ubc836b  ,22.3,,TA96,26.7,,,,,SNP_40000726,0.4,,TA113,32.9,,TA37,24.08,,TA72S,23.3,,TR43,27,OPX13630,14.4,,,AR19,39.5,,,
TA203,29.9,,H1H20,15.8,,Mer131269,29.7,,,,,TA59,29.5,,scaffold101p1733815,7.7,,TR43,27,,TA8,7.2,,Ca1_3503059,21.02,,TA127,21,,scaffold101p1733815,7.7,,,,,TA59,11.6,,TA59,14.9,,foc-3,19.4,,RGA03,21.8,,dia4,28.2,,TA27,26.7,,2,,,SNP_40001669,2.2,,ACONa,50.6,,TR19,32.7,,ubc836B,26.4,,H4A03,29.8,MER13770,35.7,,,AR21D,25.8,,,
TR43,41.9,,TA1,16.9,,OPM021284,42.2,,LG2,,,TA37,30.8,,scaffold101p2251236,10.7,,H4A03,29.8,,RMMFP2,9.9,,Ca1_5487535,26.17,,TA3,22,,scaffold101p2251236,10.7,,LG2,,,TA96,12.1,,TA27,15.3,,H1B06y,19.6,,ubc733 1224,39,,enp2,34.1,,CS27A,26.7,,TA27,0,,SNP_40000874,10.6,,ACONb,60.2,,TS12a,37.51,,TA54,28.8,,H1C16,35,TA103,44.2,,,,,,,
TA43,48.9,,TA8,17.4,,TA08,49.8,,GA16,0,,CS27,32.9,,scaffold101p2764466,13.1,,H1C16,35,,TA203,33.9,,Ca1_6316239,26.99,,TA35,23,,scaffold101p2764466,13.1,,GA20,0,,foc-3,12.6,,TA96,15.8,,H1BO6x,24.1,,MER13 1253,48.4,,cs44a,40.9,,RACE4,34.8,,TA59,14.3,,SNP_40000875,10.6,,OPD03-3,66,,TAA60,39.79,,TA2,29.2,,H5A08,42.5,OPX04372,51.3,,,LG2B+6B,,,,
TS71,55.4,,H2E23,20.1,,OPI091050,54,,TA194,11.9,,TR19,36.7,,scaffold101p2786728,14.2,,H5A08,42.5,,,,,Ca1_36918202,33.93,,TS57,24,,scaffold101p2786728,14.2,,GA16,3.8,,foc-2,13.6,,TA37,17.9,,ubc302,32.2,,OPAC12 1295,60.2,,ubc65 ,49.7,,RACE1,35.9,,TA96,19.7,,SNP_40000923,13.3,,OPG09-1,73.6,,ubc836a 1159,65.4,,DIA4,32.8,,TA203,58.9,TA110,54.8,,,TA37,0,,,
GAA44,72.1,,STMS21,48.8,,OPAD091053,79.9,,TS82,15.9,,TA53,40.2,,scaffold101p3119612,14.8,,TA203,58.9,,LG2,,,TR43,34.94,,TA25,25,,scaffold101p3119612,14.8,,TA194,15.1,,foc-4,15.4,,TR19,24.6,,TR19s,35.9,,OPM02 1284,68.4,,ubc77d,62.8,,CS27,43,,TA110,27.1,,SNP_40001819,22.1,,OPQ13-2,83.3,,ubc836b 1105,73.76,,ENP2,39,,H4G07,67.1,UBC881621,65.4,,,TR19,3.7,,,
AGLC11,87,,GA11,60.6,,,,,TAA60,18,,TR58,43,,CAV1SC19.1p2764466,15.4,,H4G07,67.1,,h1,0,,TA43,35.23,,TA144,32,,CAV1SC19.1P1750067,15.4,,TS82,19.2,,TR19,18.5,,TA53,31.5,,TA110,39.3,,TA08,77.1,,,,,,,,TR2,45.5,,SNP_40001817, ,,ISSR8481,91.4,,XLRRb566,91.51,,GA2,44.5,,TA113,78.9,MT1003,68.9,,,TA200,5.2,,,
,,,,,,LG2,,,TR19,23.8,,TA194,45,,CAV1SC19.1P1017184,16.6,,TA113,78.9,,RMMFP1,2.6,,CaM1298,37.85,,TA159,43,,CAV1SC19.1P1017184,16.6,,TR19,30.6,,,,,TA194,39.4,,foc-1,41.4,,OPAI09,83.5,,II,,,,,,TA194,90.6,,SNP_40001307,25.8,,ISSR8841,102.6,,XLRRa667,113.04,,CS44A,53.1,,,,OPAC12700,76.5,,,TA22S,19.8,,,
LG2,,,LG2,,,ubc881928,0,,TR3,25.2,,TS82,49.5,,CAV1SC19.1P497841,18.3,,,,,TA59,20.9,,TA8,40.15,,BGM-R,55,, CAV1SC19.1P497841,18.3,,TA27,34.6,,,,,GA16,58.8,,H3A12,45.3,,OPAD09 1053,100.9,,ubc518b,0,,,,,H4G07,112.2,,SNP_40002433,25.8,,ECAMCAT10,109.7,,RLRR 261,126.73,,ubc65,61.9,,LG2,,OPAI09352,81.2,,,TS8,38.9,,,
TR19,0,,H2F24,0,,OPAC12700,20.7,,H2B061,28.5,,GA16,61.5,,CAV1SC19.1P354162,18.8,,LG2,,,TA200,23,,CaM0403,41.32,,TA118,59,,CAV1SC19.1P354162,18.8,,TA96,37.1,,,,,GA20,60.7,,foc-2,48,,,,,cs39c,22.4,,,,,TA125,129.2,,SNP_40000752,33.1,,TR43,120.2,,STMSl4,158.41,,ubc77D,75,,TA116,0,UBC881928,99.1,,,TR4,45.4,,,
TR3,6.6,,TA96,0.5,,OPAI09352,25.4,,TA200,30.7,,,,,CAV1SC19.1P1096693,20.5,,TA116,0,,,,,TA30,41.62,,GA6,74,,CAV1SC21.1P1096693,20.5,,H2B061,37.4,,,,,,,,TA96,48.2,,LG2,,,lap1,34.3,,,,,,,,SNP_40002171,35.3,,TA1,123.1,,TA135,169.06,,,,,GA20,18.2,ZnF,121.3,,,TA14,57.4,,,
TR14,12.8,,TA27,1,,OPAI09746,35.7,,TA110,36.2,,,,,CAV1SC19.1P1495114,21,,GA20,18.2,,LG3A,,,TA203,52.83,,NO_39,85,,CAV1SC21.1P1495114,21,,TA37,44.1,,,,,,,,TS47,53.5,,MER13 1094,0,,ubc285a,49.4,,,,,3,,,SNP_40001801,35.7,,TA8,127.2,,TA34,176.67,,LG8,,,H4B09,32.8,RK,132.8,,,TR1S,73.9,,,
TA103,22.7,,TA194,11.2,,ubc881621,49.8,,TA103,43.9,,,,,scaffold101p4768558,23.4,,H4B09,32.8,,TA3,0,,Ca1_48305443,70.93,,,,,scaffold101p4768558,23.4,,,,,,,,,,,TA96s,55,,OPX13 630,16.9,,,,,,,,TA117,0,,SNP_40001463,35.7,,ISSR858,127.2,,STMS28,183.26,,ubc402,0,,H4A04,37.9,TA194,136.4,,,,,,,
TA37,29.7,,TA37,23.4,,OPX04372,60.7,,H1F05,60.7,,,,,scaffold101p5390644,24.6,,H4A04,37.9,,TA127,2.9,,ICCM0297,75.48,,LG6,,,scaffold101p5390644,24.6,,LG3,,,,,,,,,TA59,56.9,,MER13 770,34,,III,,,,,,TAA170,20.6,,SNP_40002071,43,,OPU17-3,131.6,,TS12b,190.1,,GAA47,4.3,,TA96,41.4,OPAI09746,143.9,,,LG4,,,,
TA110,32.2,,H1P092,23.9,,TA103,67.6,,,,,,,,scaffold101p5509588,25.2,,TA96,41.4,,,,,NewChr17_4023057,76.7,,GA34,0,,scaffold101p5609488,25.2,,CaM1515,0,,,,,,,,CS27A,60.3,,OPZ01 1015,34.6,,ubc708a,0,,,,,TA14,44.4,,SNP_40001527,43.9,,R260-9-2,133.4,,TR56,197.7,,ubc884B,20.5,,TR19,45.4,Ein3,155.7,,,GA24,0,,,
GA16,34.6,,H3A09,25,,Mer13770,76.1,,LG3,,,,,,scaffold101p6149516,28.2,,TR19,45.4,,LG3B,,,Ca1_9582444,91.86,,TA106,6,,scaffold101p6149516,28.2,,ICCM0178,15.9,,,,,,,,TA37,63.5,,RGA05,40.3,,ubc843a,4.6,,,,,TS72,63.1,,SNP_40001235,44.8,,OPC11-3,139.5,,,,,ubc733B,31.9,,TA59,49.1,hnRNPl,163.2,,,GAA47,3.9,,,
GA20,39.3,,TA110,31.8,,OPX13630,97.4,,TA125,0,,,,,scaffold101p6154460,28.8,,TA59,49.1,,TA64,0,,Ca1_11321839,96.28,,CASTMS2,16,,scaffold101p6154460,28.8,,CaM0475,22.5,,,,,,,,H1F05,65.8,,TA103,44.8,,ubc313b,7.2,,,,,TA186,75.3,,SNP_40001385,45.2,,R260-9-3,139.5,,LG 2,,,ubc181A,42.8,,H4H08,54.3,CaM,164.9,,,TR20,4.2,,,
TA59,41.7,,TA103 ,35.5,,Mer131094,111.8,,ICCM0178,6,,,,,CAV1SC80.1P96583,30.5,,H4H08,54.3,,TR24,18.7,,Ca1_10761609,97.96,,CASTMS22,19,,CAV1SC80.1P36873,30.5,,CaM1122,26.1,,,,,,,,HAF22,68.3,,TS35r,52.3,,ubc69lb,20.3,,,,,TA30,86.2,,SNP_40001506,47.9,,TA203,159.8,,TA8,0,,P,58.2,,TR19,64.6,CBL,177.3,,,TR8,19.5,,,
TA96,45.4,,TA53 ,44.7,,,,,CaM0658,10.9,,,,,CAV1SC388.1P158402,31.6,,TR13,64.6,,TR26,19.9,,Ca1_11405015,99.92,,TA22,33,,CAV1SC388.1P158402,31.6,,STMS10,31.7,,,,,,,,H6D11,71.3,,OPX04372,54.7,,ubc884c ,44.5,,,,,,,,SNP_40000806,50.1,,ISSR888,176.7,,TR43,4.06,,,,,TS82,72,CA16,194.3,,,TS54,33.4,,,
TA27,47.8,,,,,LG3,,,CaM0475,22.5,,,,,scaffold550p16814,32.8,,TS82,72,,SA16,30.3,,Ca1_12688435,102.78,,SA14TS71rts36r,36,,scaffold550p16814,32.8,,TA64,58.9,,,,,,,,H1P09/2,73.3,,TA110,59.2,,ubc807a,58.2,,,,,4,,,SNP_40001427,51,,ISSR8552,194.4,,TA203,4.06,,,,,TA110,93.6,,,,,,,,,
TS82,54,,LG3,,,OPQ051828,0,,CaM1122,26.1,,,,,scaffold550p1752067,33.4,,TA110,93.6,,,,,Ca1_13680008,105.73,,TA36rts53L,37,,scaffold550p1752067,33.4,,,,,,,,,,,,,,OPN08 910,60.6,,cs64a ,77.4,,,,,TR29,0,,SNP_40002493,51.4,,ECAMCTA09,212.9,,S2ASI 1338,6.76,,,,,TA199,113.8,COBOS,,,,LG3,,,,
TA53,57.6,,TR32,0,,OPQ051794,1.7,,STMS10,31.7,,,,,scaffold550p1752071,33.9,,TA199,113.8,,,,,TA113,109.31,,TA80,38,,scaffold550p1752071,33.9,,LG4,,,,,,,,,,,,TA27,62.8,,ubc807c,84.2,,,,,H4E03,14.8,,SNP_40002128,51.8,,ECAMCTA10,216,,ubc858 404,14.5,,,,,TA194,118.5,MER131094,0,,,TR31,0,,,
TR2,64.7,,H1P092,21.2,,OPAC04818,18.5,,TA64,58.9,,,,,CAV1SC151.1P36873,34.5,,TA194,118.5,,LG4,,,,,,TA176S,39,,CAV1SC151.1P36873,34.5,,GAA47,0,,,,,,,,,,,TA96,64,,ubc239e ,93.5,,,,,H4G07-1,27.1,,SNP_40002084,52.7,,ECAMCAC05,223.5,,TA3a,31.11,,,,,TA37,124.9,OPX13630,14.4,,,TA47,1.1,,,
TA200,70.1,,TR56,27.3,,OPZ01960,20.7,,,,,,,,CAV1SC908.1P31832,35.1,,TA37,124.9,,RMMFP5,0,,LG2,,,TR44,41,,CAV1SC908.1P31832,35.1,,STMS11,4.8,,,,,,,,,,,TA59,64.7,,ubc489a,95.3,,,,,TA25,48.5,,TA72,54.7,,OPC11-2,232.6,,TS45,63.19,,,,,H1B06,137.5,MER13770,35.7,,,TA64,21.8,,,
,,,GA119,27.8,,TA47,22.3,,LG4,,,,,,CAV1SC239.1P93424,36.9,,H1B06,137.5,,RMMFP8,4.8,,CKAM1190,0,,TA44X,42,,CAV1SC239.1P93424,36.9,,TA130,26.1,,,,,,,,,,,ubc881 621,65.3,,acpl,107.5,,,,,,,,TA146,55.2,,R360-8-2y,253.3,,TA3b,85.8,,,,,TA200,155.6,TA103,44.2,,,TA142,32.2,,,
LG3,,,H6C07,28.9,,GA13,23.7,,TR20,0,,,,,scaffold187p798253,37.5,,TA200,155.6,,SA18,6.1,,Ca2_36051175,0.36,,TR1S,47,,scaffold187p798253,37.5,,H1G20,33.6,,,,,,,,,,,TAA60,69.6,,cs64b,123.5,,,,,5,,,SNP_40001411,60.2,,ISSR8801,271.5,,TS57,97.2,,,,,,,OPX04372,51.1,,,,,,,
TA64,0,,TA135,31.1,,OPZ01850,26.8,,TA130,2.6,,,,,scaffold1766p213992,38.2,,,,,SA15,9.6,,Ca2_36069257,0.96,,TR35,48,,scaffold32p20836,38.2,,H4G11,34.2,,,,,,,,,,,TS82,71.4,,ubc682c,136,,,,,ECACMCAG2,0,,SNP_40000813,62.4,,C32,283.4,,,,,,,,LG3,,UBC881621,62,,,LG3B,,,,
TA34,20,,H3F09,32.2,,TA11,33.9,,CaM1158,4.9,,,,,scaffold417p866362,38.7,,LG3,,,SA20,10.7,,Ca2_33315759,10.6,,NO_87_3_opni18a,49,,CAV1SC47.1P173767,38.7,,CaM2049,35.1,,,,,,,,,,,TR19,73.1,,ubc809d,146.3,,,,,ECACMCTG1,16.3,,SNP_40000811,63.3,,ISSR8842,294.5,,LG 3,,,,,,STMS5,0,OPAI09621,76.1,,,TA76S,0,,,
TAA194,28.6,,H3C06,32.7,,ubc881841,43.6,,ICCM0127,10,,,,,CAV1SC326.1P69369,43.1,,STMS5,0,,TA116,13.1,,Ca2_32979328,13.1,,opni7,52,,CAV1SC326.1P75884,43.1,,NI6,35.4,,,,,,,,,,,OPAC12 700,73.3,,ubc310a,150.9,,,,,ECACMCAG1,34.7,,SNP_40001238,65,,GAA40,303.4,,TS72,0,,,,,TA76,23.7,OPAI09352,86.4,,,TS29,7.6,,,
TA142,35,,TA34,35,,pgd,54.5,,TS54,12,,,,,scaffold447p288448,43.7,,TA76,23.7,,TR20,16.3,,Ca2_32276589,18.64,,T196,55,,scaffold447p288448,43.7,,TA2,36.2,,,,,,,,,,,TR58,75.2,,cs24a,154.7,,,,,,,,TA130,65.6,,OPAB09-1,315.2,,PTOFENb 212,10.6,,,,,TS29,40.9,OPAC12700,91.1,,,,,,,
TR31,45.5,,TA142,49.5,,ubc181297,66.9,,TA72,12.9,,,,,scaffold3294p700295,51.6,,TS29,40.9,,GN25,22.5,,CKAM1101,23.2,,TR40,60,,scaffold3294p700295,51.6,,H1B17,37.3,,,,,,,,,,,OPAI09 352,79.7,,ubc438b,162,,,,,,,,SNP_40002474,66.2,,EAAMCTA15,336.9,,TA130,25.6,,,,,TR24,53.2,UBC881928,111.8,,,LG1,,,,
TA194,60.9,,TA64,59.6,,,,,H1B17,13.6,,,,,CAV1SC28.1P1164750,52.2,,TR24,53.2,,ubc465,25.8,,TR19,31.73,,TA14s,64,,CAV1SC28.1P1164750,52.2,,H1H15,38.9,,,,,,,,,,,OPAI09 746,85.2,,ubc287,165.4,,,,,,,,SNP_40001529,69.3,,STMS21,341.2,,TA146,35.4,,,,,TR26,67.9,,,,,TA113,0,,,
TA108,65,,STMS5,76.8,,LG4,,,TA146,14,,,,,scaffold3294p593695,53.5,,TR26,67.9,,TA72,40.7,,Ca2_24709295,35.64,,TA196,68,,scaffold3294p593695,53.5,,TS54,50.7,,,,,,,,,,,ubc881 928,90.8,,cs65,169.2,,,,,,,,SNP_40001487,69.7,,ISSR810,362.8,,CLRRinv 904,36.4,,,,,TA64,72.8,,,,,TA203,17.9,,,
CaSTMS28,71.6,,TS29,90,,B/b,0,,CaM2049,15.5,,,,,CAV1SC10.1P1068069,64.3,,TA64,72.8,,TA2,50.4,,TA59,38.59,,,,,CAV1SC10.1P1068069,64.3,,,,,,,,,,,,,,GA20,112.6,,ubc493a,173.4,,,,,,,,SNP_40001505,72.4,,ISSR8601,366.4,,TR20,41.4,,,,,TS19,84.4,,,,,GAA40,52.1,,,
TS5,87.1,,TA76S,107.9,,OPX131408,13.5,,CaM1502,20.1,,,,,CAV1SC10.1P721387,64.8,,TS19,84.4,,TA89,73.2,,H2B061,40.64,,,,,CAV1SC10.1P756169,64.8,,LG5,,,,,,,,,,,,,,,ubc324,176,,,,,,,,SNP_40000574,72.4,,GA11,370.6,,PTOKIN 499,44.6,,,,,TSMS10,98.7,,,,,GA117,68.4,,,
TR58,104.3,,GAA45,118.9,,GAA47,19.7,,TS72,23.2,,,,,CAV1SC10.1P486223,65.4,,STMS10,98.7,,,,,TA96,40.92,,,,,CAV1SC10.1P533315,65.4,,ICCM0120b,0,,,,,,,,,,,LG3,,,ubc373,179.4,,,,,,,,SNP_40001785,76.1,,ECAMCAC11,374.7,,TA2,51.6,,,,,TR56,117.8,,,,,,,,,
,,,,,,OPAC12450,25.2,,,,,,,,CAV1SC23.1P951533,75.5,,TR56,117.8,,LG5,,,Ca2_3141128,56.08,,,,,CAV1SC23.1P951533,75.5,,CaM0463,6.5,,,,,,,,,,,OPM02 1112,0,,cs3lb,186.7,,,,,,,,SNP_40000426,76.5,,,,,S2iAS3ib 144,62.6,,,,,TS58,123.6,,,,,LG5,,,,
LG4,,,LG4,,,OPAF161025,34.6,,LG5,,,,,,,,,TS58,123.6,,TA5,0,,CKAM1877,57.33,,,,,,,,CaM0805,26.2,,,,,,,,,,,GAA45,6.4,,,,,,,,,,,SNP_40002508,76.9,,LG2,,,LM637d 198,81.2,,,,,TS5,125.9,,,,,TA42,0,,,
TAA57,0,,STMS11,0,,OPAF16985,39.2,,CaM0881,0,,,,,LG2,,,TS58,125.9,,TA194,9,,Ca2_2312104,65.96,,,,,LG2,,,TA71,38.7,,,,,,,,,,,ubc181 297 ,9.6,,IV,,,,,,,,,SNP_40000427,78.2,,TR19,0,,,,,,,,NCPGR10,129.6,,,,,TA11,8.3,,,
TA132,15.8,,TAA170 ,8.1,,OPQ05293,42,,CaM0880,10.9,,,,,CAV1SC40.1P395341,0,,NCPGR10,129.6,,TA71,12.5,,,,,,,,CAV1SC40.1P395341,0,,TS43,46,,,,,,,,,,,TA76,10.6,,ubc810c,0,,,,,,,,SNP_40001391,80.9,,OPP15-1,21.3,,LG 4,,,,,,STMS28,131.9,,,,,TA5,9.5,,,
TA72,21.5,,TA130,10.2,,GA02,43.1,,ICCM0120a,32.3,,,,,scaffold521p216256,1.8,,STMS28,131.9,,TA42,14.4,,LG3,,,,,,scaffold521p216256,1.8,,TAASH,51.7,,,,,,,,,,,OPX14 724,16,,ubc825a,20.7,,,,,,,,SNP_40000882,92.7,,OPD05-1,26.3,,TA140a,0,,,,,TAA169,134.1,,,,,TA39,10.7,,,
TA186,29.9,,GA137 ,11.6,,OPAF16734,44.7,,TS35,38.3,,,,,scaffold2283p1470498,8.5,,TAA169,134.1,,GA137,15,,Ca3_22008087,0,,,,,scaffold2283p1470498,8.5,,,,,,,,,,,,,,Pgd,20,,ubc90b,46.8,,,,,,,,SNP_40002011,117.4,,OPU03-1,34.5,,TA113,10.94,,,,,H3D05,135,,,,,TR29,12.3,,,
TA146,35.2,,TA2,13,,OPM02935,48.1,,TS43,60.8,,,,,scaffold2283p1137579,9.6,,H3D05,135,,TA11,15.6,,Ca3_20898709,7.96,,,,,scaffold2283p1137579,9.6,,LG6,,,,,,,,,,,,OPZ01 960,22.7,,ubc810d,61.8,,,,,,,,SNP_40002154,118.7,,OPD03-4,45.9,,TA140b,12.73,,,,,H1B04,136.1,,,,,TA179,14,,,
TS5,40.2,,H5G01,13.5,,OPAH111280,68.7,,TAASH,63.8,,,,,scaffold2283p1134921,10.2,,H1B04,136.1,,TR29,18.9,,STMS10,14.82,,,,,scaffold2283p1134921,10.2,,H1I16,0,,,,,,,,,,,ubc881 1176,23.2,,ubc694c ,71.1,,,,,,,,SNP_40000636,134.8,,OPC14-4,53.8,,PTOFENa 1114,36.01,,,,,H3F08,138,,,,,TA71S,19.4,,,
TA2,48.7,,H3D09,15.1,,TA72,85.7,,TA71,66.5,,,,,scaffold2283p942461,11.4,,H3F08,138,,,,,CaM1358,17.5,,,,,scaffold2283p942461,11.4,,TA106,34.1,,,,,,,,,,,OPAC04 818,25.6,,ubc858b,73.7,,,,,,,,SNP_40001834,135.7,,R260-07-2,54.4,,STMS21,57.5,,,,,GA119,139.6,,,,,TA116,21.9,,,
TAA170,58,,H1A12 ,16.7,,TA146,95.1,,TR59,72.3,,,,,scaffold2283p237532,13.9,,GA119,139.6,,LG6,,,H1H22,18.37,,,,,scaffold2283p237532,13.9,,CaM0244,46,,,,,,,,,,,OPAI09 1651,27,,ubc68la,85.4,,,,,,,,SNP_40001837,137.1,,OPU18,63.3,,,,,,,,H3F09,142.6,,,,,,,,,
TR20,61.3,,H211 ,19.6,,TA02,97.3,,,,,,,,CAV1SC141.1P89095,14.5,,H3F09,142.6,,TA14,0,,TA125,19.54,,,,,CAV1SC141.1P89095,14.5,,CaM0421,76.3,,,,,,,,,,,TA47,28.4,,ubc521a ,102.4,,,,,,,,SNP_40001141,139.3,,ISSR8262,69.5,,LG 5,,,,,,H4A03,147.4,,,,,LG8,,,,
TS36,77,,STMS24,22.9,,ubc8811186,99.5,,LG6,,,,,,CAV1SC140.1P330267,15.6,,H4A03,147.4,,S,15.9,,TR31,20.98,,,,,CAV1SC140.1P330367,15.6,,H5A04,78.5,,,,,,,,,,,OPX04 1669,28.8,,ubc344,107,,,,,,,,SNP_40002597,143.5,,GA16,83.6,,STMS2,0,,,,,H5H03,151.6,,,,,TA144,0,,,
TR55,93.7,,,,,OPX04700,101.3,,TA106,0,,,,,CAV1SC174.1P495336,18.6,,H5H03,151.6,,TR1,27.3,,CaM1129,21.25,,,,,CAV1SC174.1P495336,18.6,,CaM0464,79.9,,,,,,,,,,,GA13,29.9,,ubc521b,110.4,,,,,,,,SNP_40002101,144.4,,ISSR8553,109.8,,TR7,14.85,,,,,H3C06,158.4,,,,,TA25,1.8,,,
,,,LG5,,,OPAC121620,105,,CaM0421,10.3,,,,,CAV1SC143.1P73663,21.5,,H3C06,158.4,,Seed size,34.4,,CaM0886,21.53,,,,,CAV1SC143.1P73663,21.5,,CaM1402,80.1,,,,,,,,,,,OPZ01 850,32,,aco2,118.7,,,,,,,,SNP_40001346,159.3,,CS27,114.7,,TA176,16.38,,,,,H4A03,177.2,,,,,TS45,20.4,,,
LG5A,,,TR60 ,0,,OPAI091855,111.5,,CaM0594,30.9,,,,,scaffold1471p212654,22.1,,H4A03,177.2,,SA14,39.5,,TA34,22.41,,,,,scaffold1471p212654,22.1,,CaM0317,80.6,,,,,,,,,,,RGA07,34,,ubc181b,133,,,,,,,,,,,foc-4,118.4,,TR44,25.94,,,,,STMS14,187.1,,,,,,,,,
TAA137,0,,H4H02 ,4.3,,OPQ052136,118.8,,TR44,33.2,,,,,scaffold1176p188168,25.4,,STMS14,187.1,,RMMFP4,40.8,,STMS14,23.32,,,,,scaffold1176p188168,25.4,,TA22,80.9,,,,,,,,,,,TA125,38.6,,ubc694b,133.7,,,,,,,,Lasseter X ICC3996 LG4.1,,,TA96,121.8,,TR1,34.64,,,,,TA125,199,,,,,LG7,,,,
GA102,17.6,,H4G07 ,4.9,,,,,CaM1402,35.3,,,,,scaffold2307p728748,27.6,,TA125,199,,RMMFP7,41.5,,STMS28,25.24,,,,,scaffold2307p728748,27.6,,CaM0753,81.2,,,,,,,,,,,TA11 ,39,,cs24e,135.5,,,,,,,,SNP_40000874,0,,EAAMCTA12,124.3,,TA14,44.2,,,,,,,,,,,TA44,0,,,
TAA104,25,,H3A07,5.5,,LG5,,,CaM1101,37.2,,,,,CAV1SC584.1P119047,28.3,,,,,TA80,45.6,,Ca3_39036421,0,,,,,CAV1SC584.1P119047,28.3,,H1L161,81.9,,,,,,,,,,,TS19,39.8,,,,,,,,,,,SNP_40000923,1,,ECAMCTA07,126.3,,,,,,,,LG4,,,,,,TS46,11.5,,,
TAASH,38.1,,GA102,7.3,,OPAH11613,0,,CaM1125,39.5,,,,,scaffold500p576492,29,,LG4,,,TA22,46.3,,Ca3_39321667,4.27,,,,,scaffold500p576492,29,,CaM1101,82.9,,,,,,,,,,,STMS10,40.6,,V,,,,,,,,,SNP_40001745,7,,foc-5,132.7,,LG 6,,,,,,Fc,0,,,,,TA28,18.2,,,
TA5,44.9,,TS35 ,7.9,,OPU11811,14.1,,TA22,41.8,,,,,scaffold191p466392,33.6,,Fc,0,,TA176,47.6,,Ca3_38217929,9.68,,,,,scaffold191p466392,33.6,,TA80,84.3,,,,,,,,,,,TS19R,41.2,,ubc518c,0,,,,,,,,SNP_40000528,9.8,,TA27,136.2,,TA21,0,,,,,TR11,28.6,,,,,TA18,30.3,,,
TS53,60.3,,TS53,8.5,,OPM02654,25.7,,TA14,62.4,,,,,scffold2193p113525,34.3,,TR11,28.6,,,,,Ca3_37004026,14.15,,,,,scaffold2193p113525,34.3,,TA14,117.1,,,,,,,,,,,TA135s,42.2,,ubc638 ,12,,,,,,,,SNP_40002562,10.1,,TA59,137.6,,RLK 431,7.04,,,,,GAA47,45.7,,,,,TA21,30.8,,,
TA39,68.1,,H1H07,9,,OPU11278,27.4,,H1L161,67.5,,,,,scffold256p72724,35.1,,GAA47,45.7,,LG7,,,Ca3_36036243,16.9,,,,,scaffold256p72724,35.1,,,,,,,,,,,,,,TS58,44,,ubc704a,17.5,,,,,,,,SNP_40001222,18.6,,CS27ASAP,140.3,,TAA58,8.64,,,,,STMS11,51.1,,,,,TA117,31.5,,,
,,,H6D02,10.6,,TA05,30.9,,,,,,,,scffold657p314477,35.9,,STMS11,51.1,,TA117,0,,,,,,,,scaffold657p314477,35.9,,LG7,,,,,,,,,,,,STMS28,45.5,,cs63a,29.5,,,,,,,,SNP_40000849,21.5,,TS82,144.8,,TAA55,12.76,,,,,GA137,65.9,,,,,TA117,33,,,
LG5B,,,H2B202,11.6,,Mer131778,32.9,,LG7,,,,,,scffold270p658556,36.6,,GA137,65.9,,TA114,1.3,,LG4,,,,,,scaffold270p658556,36.6,,TAA59,0,,,,,,,,,,,TA6,46,,ubc493c,39.3,,,,,,,,SNP_40002171,22.2,,TAA60,145.4,,TA180,13.96,,,,,TAA170,81.4,,,,,TA180,35.2,,,
TS43,0,,TAASH,12.1,,OPAC04585,35.4,,H1012,0,,,,,scffold1318p467858,37.9,,TAA170,81.4,,TA78,4.3,,Ca4_9883272,0,,,,,scaffold1318p467858,37.9,,H3H121,3.7,,,,,,,,,,,STMS23,46.5,,ubc69la,40,,,,,,,,SNP_40002177,22.5,,TR58,146.5,,TA113 169,13.96,,,,,TA130,97.4,,,,,,,,,
TA116,18.6,,H1O01,14.3,,OPX041460,37.9,,CaM0111,17.6,,,,,scffold887p538591,39.1,,TA130,97.4,,TA180,13.5,,Ca4_12578627,10.4,,,,,scaffold887p538591,39.1,,,,,,,,,,,,,,STMS14,46.5,,ubc239a,40.7,,,,,,,,SNP_40001259,22.8,,TA194,148.9,,TA78,16.75,,,,,H3C10,108.6,,,,,,,,,
TR29,33.9,,H3C11(245) ,14.3,,OPM02678,40.7,,TA140,20.6,,,,,scffold58p286681,39.8,,H3C10,108.6,,,,,Ca4_15942039,13.42,,,,,scaffold58p890246,39.8,,LG8,,,,,,,,,,,,TA34,46.5,,ubc822,44.1,,,,,,,,SNP_40001527,24.2,,TA37,159.1,,TA3c 344,24.33,,,,,TA72,113.7,,,,,,,,,
TR60,67,,TA71,16.1,,OPAI091777,50.8,,CaM0443,22.4,,,,,scffold621p326093,40.4,,TA72,113.7,,LG8,,,Ca4_15957070,14.54,,,,,scaffold58p286881,40.4,,ICCM0130a,0,,,,,,,,,,,TR31,46.7,,ubc754,55,,,,,,,,TA2,30.6,,TA110,167.8,,TA28,31.1,,,,,TA2,120.2,,,,,,,,,
,,,,,,,,,H1C22,24.2,,,,,scffold1294p2760,42.4,,TA2,120.2,,ST,0,,CKAM0847,16.33,,,,,scaffold621p326093,42.4,,CaM0787,12.4,,,,,,,,,,,TR13,47,,ubc338 ,64.8,,,,,,,,SNP_40001008,31.3,,ISSR8681,176.1,,,,,,,,TR8,122.5,,,,,,,,,
LG6,,,LG6,,,LG7+8,,,H3H121,28.5,,,,,scffold2159p69275,43,,TR8,122.5,,SeedC,8.8,,ICCM0127,19.32,,,,,scaffold1204p2760,43,,TS45,21.2,,,,,,,,,,,TR56,48.9,,ubc642a ,67.8,,,,,,,,SNP_40001863,31.6,,ISSR864,183.6,,LG 7,,,,,,TR40,127.9,,,,,,,,,
TA14,0,,TA14 ,0,,OPAI09888,0,,,,,,,,scffold905p1129574,43.7,,TR40,127.9,,SC,9.2,,CaM1903,22.11,,,,,scaffold2159p69275,43.7,,,,,,,,,,,,,,ubc88 1841,52.3,,ubc376 ,72.9,,,,,,,,SNP_40002557,33,,EAAMCTA10,187.7,,TR29,0,,,,,TA132,130.1,,,,,,,,,
CaSTMS15,8.1,,TA196,3.5,,OPQ051369,9.4,,LG8,,,,,,scffold905p693958,44.9,,TA132,130.1,,,,,CaM1158,24.23,,,,,scaffold905p1129574,44.9,,,,,,,,,,,,,,OPQ05 1794,55.7,,ubc850 ,74.7,,,,,,,,TA146,33.8,,EAAMCTA05,190.9,,TA179,4.86,,,,,TS54,132.6,,,,,,,,,
TR1,17.7,,TR1,10.4,,OPAF06988,22.9,,ICCM0130a,0,,,,,scffold,45.5,,TS54,132.6,,,,,H1G20,25.59,,,,,scaffold905p693958,45.5,,,,,,,,,,,,,,OPQ05 1828,60.1,,pgd2 ,77.7,,,,,,,,TA72,35.1,,EAAMCTA04,193.3,,TS43,8.1,,,,,NCPGR6,138.3,,,,,,,,,
TR35,21.7,,TR35 ,12.5,,TA03,31.5,,TS45,14,,,,,scffold905p636294,46,,NCPGR6,138.3,,,,,CaM0507,27.86,,,,,CAV1SC57.1P1051835,46,,,,,,,,,,,,,,TA142,61.8,,ubc704b,84.1,,,,,,,,SNP_40000185,59.4,,EAAMCTT07,207.4,,TS53,13.7,,,,,TA146,141.7,,,,,,,,,
TA120,28.4,,H5A04 ,27.9,,OPX13540,33.8,,TA3,45.4,,,,,scaffold1180p283355,47.2,,TA146,141.7,,,,,H1H15,28.15,,,,,scaffold905p636284,47.2,,,,,,,,,,,,,,OPF05 275 ,67,,,,,,,,,,,SNP_40001144,60.4,,PGI,241.8,,TAA137,17.09,,,,,H1A12,150.5,,,,,,,,,
TA80,33.5,,TR7 ,33.9,,OPX14808,43.2,,H1D24,47.1,,,,,scaffold78p640871,48.4,,H1A12,150.5,,,,,CKAM0750,28.47,,,,,scaffold1180p283355,47.8,,,,,,,,,,,,,,OPB17 789,77,,VI,,,,,,,,,SNP_40001230,61.1,,OPC14-1,258.8,,TA71,19,,,,,NCPGR7,164,,,,,,,,,
TA176,37,,TR44,38,,OPQ05819,67.8,,H5B04,47.9,,,,,CAV1SC689.1P195825,51.3,,NCPGR7,164,,,,,TS36,29.11,,,,,scaffold78p640871,48.4,,,,,,,,,,,,,,TA64,82.7,,ubc402,0,,,,,,,,SNP_40002500,67.6,,ISSR8661,285.9,,,,,,,,TA127,170.9,,,,,,,,,
TA22,42.3,,TA80,39.6,,ubc7331076,82.2,,,,,,,,CAV1SC817.1P81915,51.9,,TA127,170.9,,,,,Ca4_22695001,29.54,,,,,CAV1SC689.1P195825,51.3,,,,,,,,,,,,,,Hg/hg,84.8,,ubc884b,23.3,,,,,,,,SNP_40001529,67.9,,,,,LG 8,,,,,,TA23,191.3,,,,,,,,,
TS84,57.9,,H1F21,40.7,,OPAH11532,85.5,,,,,,,,scaffold183p1539190,53.7,,TA23,191.3,,,,,Ca4_41139348,30.59,,,,,CAV1SC817.1P81915,51.9,,,,,,,,,,,,,,,,,ubc733b,34.7,,,,,,,,SNP_40000749,68.6,,LG3,,,TA22,0,,,,,TA89,211.1,,,,,,,,,
TS24,59.9,,TA22,41.2,,OPX13750,91.3,,,,,,,,scaffod183p890167,54.3,,TA89,211.1,,,,,Ca4_37300654,31.94,,,,,scaffold183p1539190,53.7,,,,,,,,,,,,,,LG4,,,ubc181a,45.4,,,,,,,,SNP_40000925,73,,OPO04-1,0,,TA80,6.4,,,,,TS72,224.2,,,,,,,,,
TR40,72.3,,H4H10,41.7,,TA18,93.9,,,,,,,,CAV1SC246.1P169941,54.9,,TS72,224.4,,,,,TA132,32.79,,,,,scaffold183p890167,54.3,,,,,,,,,,,,,,B/b,0,,P,63.8,,,,,,,,SNP_40001238,73.3,,R360-8-3,7.6,,,,,,,,,,,,,,,,,,
TA106,72.5,,H1H18,42.8,,OPX13840,96.5,,,,,,,,CAV1SC246.1P121732,55.4,,,,,,,,TS72,34.73,,,,,CAV1SC246.1P169941,54.9,,,,,,,,,,,,,,TA61,13.3,,,,,,,,,,,TA130,75,,OPP15-2,12.3,,,,,,,,LG5,,,,,,,,,,
GA9,82.1,,TA176,46.7,,OPAH11558,108.3,,,,,,,,scaffold137p10777,63.7,,LG5,,,,,,CKAM0604,35.72,,,,,CAV1SC246.1P121732,55.4,,,,,,,,,,,,,,TR11,18.5,,VII,,,,,,,,,SNP_40000750,84.1,,OPP17-1,22,,,,,,,,NCPGR1,0,,,,,,,,,
GA34,95.7,,H1I05,51.7,,,,,,,,,,,CAV1SC112.1P378362,67.9,,NCPGR1,0,,,,,Ca4_45020589,42.43,,,,,scaffold137p10777,63.7,,,,,,,,,,,,,,OPX13 1408,24.2,,ubc249,0,,,,,,,,,,,ECAMCAC08,24.1,,,,,,,,H1A18,14.5,,,,,,,,,
,,,GA129a,55.3,,unnasignedlg1,,,,,,,,,CAV1SC112.1P613679,69.1,,H1A18,14.5,,,,,Ca4_45225063,43.34,,,,,CAV1SC112.1P378362,67.9,,,,,,,,,,,,,,GAA47,32.6,,g1pt,8.8,,,,,,,,Lasseter X ICC3996 LG4.2,,,OPC14-5,27.2,,,,,,,,STMS22,21.1,,,,,,,,,
LG7,,,H4E09 ,56.2,,ubc181971,0,,,,,,,,cavsc103.1P136659,69.6,,STMS22,21.1,,,,,ICCM0257,47.41,,,,,CAV1SC112.1P613679,69.1,,,,,,,,,,,,,,OPAC12 450,36,,ubc642b,13.9,,,,,,,,SNP_40001748,0,,OPU03-4,36.9,,,,,,,,H3H07,33.9,,,,,,,,,
TA78,0,,TR40,57,,OPF141410,16,,,,,,,,scaffold449p722985,70.2,,H3H07,33.9,,,,,TA46,52.88,,,,,CAV1SC103.1P126659,69.6,,,,,,,,,,,,,,OPAC12 403,40.7,,cs24d,16.9,,,,,,,,SNP_40000840,0.3,,GA31,53,,,,,,,,TS35,36.8,,,,,,,,,
TA21,5.8,,STMS2,84.2,,OPAC04714,18.2,,,,,,,,CAV1SC103.1P100830,70.8,,TS35,36.8,,,,,Ca4_45612191,57.54,,,,,scaffold449p722985,70.2,,,,,,,,,,,,,,STMS11,42.7,,pgd1,24.7,,,,,,,,SNP_40000194,0.6,,TS19,62.4,,,,,,,,TA5,38,,,,,,,,,
TAA55,12.5,,GA9,99.1,,OPAC12890,19.3,,,,,,,,,,,TA5,38,,,,,Ca4_46713972,62.67,,,,,CAV1SC103.1P100830,70.8,,,,,,,,,,,,,,GA24,44.1,,cs52b,32,,,,,,,,SNP_40001505,2.7,,ECAMCAC12,75.8,,,,,,,,TS43,40.1,,,,,,,,,
TA180,17.2,,TA106,108.3,,OPZ011785,22.6,,,,,,,,LG3,,,TS43,40.1,,,,,Ca4_47861416,70.13,,,,,scaffold449p830576,71.4,,,,,,,,,,,,,,OPR11 940,49.2,,cs52a,33.1,,,,,,,,SNP_40001310,24.7,,EAAMCTA02,78,,,,,,,,TR59,42.5,,,,,,,,,
TA18,22.3,,,,,OPAF16920,31.3,,,,,,,,scaffold308p1446195,0,,TR59,42.5,,,,,Ca4_48715285,73.26,,,,,,,,,,,,,,,,,,,,OPAF16 1025,53.7,,cs52d,34.5,,,,,,,,SNP_40001035,25,,EAAMCTA06,79,,,,,,,,H6E07,45.2,,,,,,,,,
TAA59,27.6,,LG7,,,Mer131819,49.5,,,,,,,,scaffold1101p3466,3.6,,H6E07,45.2,,,,,CKAM1387,73.63,,,,,LG3,,,,,,,,,,,,,,,OPM02 935,56.9,,ubc744c,40,,,,,,,,,,,EAAMCTA07,80,,,,,,,,TA116,46.4,,,,,,,,,
TA28,33.2,,H2E13,0,,,,,,,,,,,CAV1SC179.1P475444,4.3,,TA116,46.4,,,,,,,,,,,scaffold308P1446195,0,,,,,,,,,,,,,,OPAF16 734,61.3,,ubc552,57.7,,,,,,,,,,,STMS10,84.9,,,,,,,,TA1,47.5,,,,,,,,,
TA117,43.3,,TA93,7.9,,unnasignedlg2,,,,,,,,,scaffold291p.297065,5,,TA1,47.5,,,,,LG5,,,,,,scaffold1101P3466,3.6,,,,,,,,,,,,,,OPQ05 293,63.8,,ubc218b,78.4,,,,,,,,,,,STMS14,86.5,,,,,,,,TS53,50.4,,,,,,,,,
,,,TA44s,29.5,,ubc8811176,0,,,,,,,,scaffold662p108135,5.7,,TS53,50.4,,,,,TA179,0,,,,,CAV1SC1791P475444,4.3,,,,,,,,,,,,,,GA02,65,,est2,88.5,,,,,,,,,,,STMS28,88.1,,,,,,,,H5A08,55,,,,,,,,,
LG8A,,,TA78,38.8,,OPX14724,3.9,,,,,,,,scaffold718p841535,6.4,,H5A08,55,,,,,NewChr18_7488559,5.38,,,,,scaffold291P297065,5,,,,,,,,,,,,,,OPR11 899,66,,ubc318,97.5,,,,,,,,,,,TA135,89.7,,,,,,,,TA116,60.7,,,,,,,,,
TS45,0,,H5H06,40.4,,OPM021112,16,,,,,,,,scaffold1213p167814,7.9,,TA116,60.7,,,,,TS43,8.01,,,,,scaffold662P108135,6.4,,,,,,,,,,,,,,TS104,70.2,,ubc682a,105.3,,,,,,,,,,,TR2,90.3,,,,,,,,H4D12,63.9,,,,,,,,,
TA159,26.2,,TA18,41,,,,,,,,,,,scaffold227p149371,8.6,,H4D12,63.9,,,,,TAASH,13.31,,,,,scaffold1213P167814,7.9,,,,,,,,,,,,,,ubc733 850,70.6,,ubc598b,115.1,,,,,,,,,,,TR56,91.5,,,,,,,,TAA104,67.6,,,,,,,,,
TA144,45.5,,TA150,41.5,,unnasignedlg3,,,,,,,,,scaffold342p303880,9.3,,TAA104,67.6,,,,,TA39,17.52,,,,,scaffold227P149371,8.6,,,,,,,,,,,,,,OPAF16 985,72.3,,ubc651a,121.5,,,,,,,,,,,ECAMCAT06,96,,,,,,,,H3A10,75.4,,,,,,,,,
TA25,67,,TA117,42,,OPAF06664,0,,,,,,,,scaffold165p76711,10,,H3A10,75.4,,,,,TR29,17.83,,,,,scaffold342P303880,9.3,,,,,,,,,,,,,,TA130,75.6,,ubc858a,124.1,,,,,,,,,,,PGMa,100.6,,,,,,,,H4F02,88.9,,,,,,,,,
,,,TA28,44.2,,ubc181566,11.1,,,,,,,,scaffold228p196897,10.6,,H4F02,88.9,,,,,CaM1068,22.51,,,,,scaffold165P76711,10,,,,,,,,,,,,,,OPF05 580,77.7,,ubc77a,134.4,,,,,,,,,,,PGD6,105.8,,,,,,,,TA39,93,,,,,,,,,
LG8B,,,H2J20 ,45.8,,,,,,,,,,,CAV1SC48.1P396061,11.3,,TA39,93,,,,,CaM0038,23.69,,,,,scaffold228P196897,10.6,,,,,,,,,,,,,,TS54,77.8,,,,,,,,,,,,,,C33,111.5,,,,,,,,TR29,99.8,,,,,,,,,
TA127,0,,H1J12,46.5,,unnasignedlg4,,,,,,,,,scaffold1777p70396,12,,TR29,99.8,,,,,CaM0836,25.47,,,,,CAV1SC48.1P396061,11.3,,,,,,,,,,,,,,OPQ05 574,79,,VIII,,,,,,,,,,,,ISSR8903,118.9,,,,,,,,TR18,115.9,,,,,,,,,
AGLC29,28.2,,H2B02 ,47.2,,OPX04748,0,,,,,,,,scaffold364p86929,13.5,,TR18,115.9,,,,,CaM1228,27.44,,,,,scaffold1777P70396,12,,,,,,,,,,,,,,TR20,81,,ubc310d,0,,,,,,,,,,,GA13,133,,,,,,,,TA116,133.7,,,,,,,,,
,,,H1J16 ,50.9,,ubc881879,3.5,,,,,,,,CAV1SC548.1P43520,15.8,,TA11,133.7,,,,,H2L102,29.4,,,,,scaffold364P86929,13.5,,,,,,,,,,,,,,ubc881 1274,82.8,,ubc733a,23.3,,,,,,,,,,,ECAMCTA08,154.7,,,,,,,,TA179,158.6,,,,,,,,,
,,,,,,,,,,,,,,,scaffold1313p59187,17.9,,TA179,158.6,,,,,TR59,30,,,,,CAV1SC458.1P43520,15.8,,,,,,,,,,,,,,OPAC04 1238,86.4,,ubc285d,45.7,,,,,,,,,,,TA64,165.1,,,,,,,,,,,,,,,,,,
,,,LG8,,,,,,,,,,,,scaffold498p29571,18.5,,,,,,,,TA5,30.3,,,,,scaffold1313P59187,17.9,,,,,,,,,,,,,,TA72,89,,ubc682e,62.7,,,,,,,,,,,ISSR807,174.8,,,,,,,,LG6,,,,,,,,,,
,,,GAA46,0,,,,,,,,,,,scaffold714p220477,20.5,,LG6,,,,,,CaM0423,31.21,,,,,scaffold498P29571,18.5,,,,,,,,,,,,,,OPAH11 1280,98.6,,ubc52lc,73,,,,,,,,,,,ECAMCAT11,182.2,,,,,,,,TR44,0,,,,,,,,,
,,,GA6,7.5,,,,,,,,,,,CAV1SC71.1P237291,21.1,,TR44,0,,,,,CaM0848,34.03,,,,,scaffold714P220477,20.5,,,,,,,,,,,,,,OPX13 1000,109.4,,ubc743,81.8,,,,,,,,,,,OPL4-2,195.6,,,,,,,,TA120,13.8,,,,,,,,,
,,,TS45,23.9,,,,,,,,,,,scaffold28p2999987,23.5,,TA120,13.8,,,,,TA71,39.28,,,,,CAV1SC71.1P237291,21.1,,,,,,,,,,,,,,TA146,112.9,,ubc652a,89.1,,,,,,,,,,,TR26,205.8,,,,,,,,TA120,35.5,,,,,,,,,
,,,TA25,40.8,,,,,,,,,,,scaffold28p1702903,28.6,,TA14,35.5,,,,,Ca5_24153158,40.19,,,,,scaffold28p2999987,23.5,,,,,,,,,,,,,,OPAI09 1276,115.8,,ubc425,96.9,,,,,,,,,,,STMS5,206.3,,,,,,,,STMS15,40.4,,,,,,,,,
,,,H3C11(180),41.3,,,,,,,,,,,scaffold687p513070,33.2,,STMS15,40.4,,,,,NewChr9_7033275,42.22,,,,,scaffold28p1702903,28.6,,,,,,,,,,,,,,TA2,116.1,,ubc285c,116.1,,,,,,,,,,,OPD06-1,213.5,,,,,,,,TR1,55.6,,,,,,,,,
,,,H1C092,41.8,,,,,,,,,,,scaffold1871p14410,35.7,,TR1,55.6,,,,,Ca5_30441050,54.99,,,,,scaffold687p513070,33.2,,,,,,,,,,,,,,STMS24,117.1,,ubc712b,125.4,,,,,,,,,,,OPD06-2,214.1,,,,,,,,H1B11,66,,,,,,,,,
,,,H1B09,45.1,,,,,,,,,,,scaffold1871p875930,36.9,,H1B11,66,,,,,Ca5_32829103,59.69,,,,,scaffold1871p14410,35.7,,,,,,,,,,,,,,ubc881 1186,118.3,,ubc712a,125.8,,,,,,,,,,,OPD03-5,221.5,,,,,,,,H1F21,75.6,,,,,,,,,
,,,,,,,,,,,,,,,scaffold1871p1641253,40,,H1F21,75.6,,,,,CaM0123,62.82,,,,,scaffold1871p875930,36.9,,,,,,,,,,,,,,OPX04 700,120.8,,ubc719c,141.5,,,,,,,,,,,ECAMCAG11,229,,,,,,,,TA127,93.4,,,,,,,,,
,,,unnasigned pair,,,,,,,,,,,,scaffold1871p1719965,40.6,,TA127,93.4,,,,,STMS22,74.54,,,,,scaffold1871p641253,40,,,,,,,,,,,,,,,,,ubc423c,149.8,,,,,,,,,,,TA76,241,,,,,,,,H3B01,114.4,,,,,,,,,
,,,GA26,0,,,,,,,,,,,scaffold1871p2358126,41.2,,H3B01,114.4,,,,,Ca5_36238875,78.75,,,,,scaffold1871p1719965,40.6,,,,,,,,,,,,,,LG5,,,ubc90a,151.6,,,,,,,,,,,GAA45,248.1,,,,,,,,TR7,128.8,,,,,,,,,
,,,H1I16,0.5,,,,,,,,,,,CAV1SC24.1P381212,41.8,,TR7,128.8,,,,,Ca5_38064631,81.39,,,,,scaffold2358126,41.2,,,,,,,,,,,,,,OPB17 429,0,,ubc239d,160.4,,,,,,,,,,,,,,,,,,,,TA80,138.3,,,,,,,,,
,,,,,,,,,,,,,,,CAV1SC68.1P14741,47,,TA80,138.3,,,,,Ca5_44902608,88.85,,,,,CAV1SC24.1P381212,41.8,,,,,,,,,,,,,,STMS22,10,,,,,,,,,,,,,,LG4,,,,,,,,,TA176,140.3,,,,,,,,,
,,,,,,,,,,,,,,,CAV1SC68.1P136177,48.7,,TA176,140.3,,,,,Ca5_44939033,89.71,,,,,CAV1SC68.1P614741,47,,,,,,,,,,,,,,OPR11 867,18.5,,IX,,,,,,,,,,,,OPC11-2,0,,,,,,,,TR40,142.9,,,,,,,,,
,,,,,,,,,,,,,,,scaffold1208p665588,49.2,,TR40,142.9,,,,,CaM0463,91.31,,,,,CAV1SC68.1P136177,48.7,,,,,,,,,,,,,,MER13 770,32,,ubc836a,0,,,,,,,,,,,ECAMCAT01,3.6,,,,,,,,TA22,143.9,,,,,,,,,
,,,,,,,,,,,,,,,scaffold1208p582465,49.8,,TA22,143.9,,,,,ICCM0120a,94.22,,,,,scaffold1208p665588,49.2,,,,,,,,,,,,,,OPAI09 1855,38.6,,ubc310c,11.4,,,,,,,,,,,ISSR8231,17.7,,,,,,,,STMS22,164,,,,,,,,,
,,,,,,,,,,,,,,,CAV1SC111.1P585303,52.8,,STMS22,164,,,,,Ca5_42838374,95.57,,,,,scaffold1208p582465,49.8,,,,,,,,,,,,,,GA04,45.1,,ubc310b,14.8,,,,,,,,,,,ISSR8843,41.3,,,,,,,,TA106,180,,,,,,,,,
,,,,,,,,,,,,,,,CAV1SC111.1P557263,53.3,,TA106,180,,,,,Ca5_40410716,98.07,,,,,CAV1SC111.1P585303,52.8,,,,,,,,,,,,,,OPU11 811,48.4,,ubc165a,24.1,,,,,,,,,,,OPA14-1,56.5,,,,,,,,GA26,197.2,,,,,,,,,
,,,,,,,,,,,,,,,CAV1SC111.1P284754,55,,GA26,197.2,,,,,Ca5_29642055,107.65,,,,,CAV1SC111.1P557263,53.3,,,,,,,,,,,,,,TS43,54.3,,cs39d,27.5,,,,,,,,,,,ECAMCAT13,60.5,,,,,,,,GA21,206,,,,,,,,,
,,,,,,,,,,,,,,,CAV1SC3.1P2460923,60.5,,GA21,206,,,,,,,,,,,CAV1SC111.1P284754,55,,,,,,,,,,,,,,OPQ04 940,55.4,,cs63b,37.3,,,,,,,,,,,STMS11,62.7,,,,,,,,,,,,,,,,,,
,,,,,,,,,,,,,,,CAV1SC3.1P1595446,62.2,,,,,,,,LG6,,,,,,CAV1SC3.1P2460923,60.5,,,,,,,,,,,,,,STMS07,57.7,,ubc811a,44.1,,,,,,,,,,,GA24,63.3,,,,,,,,LG7,,,,,,,,,,
,,,,,,,,,,,,,,,CAV1SC3.1P1477115,63.3,,LG7,,,,,,Ca6_58897252,0,,,,,CAV1SC3.1P1595446,62.2,,,,,,,,,,,,,,OPU11 278,58.6,,cs7a,55,,,,,,,,,,,GAA47,63.3,,,,,,,,TS62,0,,,,,,,,,
,,,,,,,,,,,,,,,CAV1SC3.1P297039,63.8,,TS62,0,,,,,STMS15,7.87,,,,,CAV1SC3.1P1477115,63.3,,,,,,,,,,,,,,OPM02 654,59.8,,ubc825b,59.6,,,,,,,,,,,EAAMCTT0S,73.4,,,,,,,,TA21,20.7,,,,,,,,,
,,,,,,,,,,,,,,,CAV1SC26.1P645183,72.2,,TA21,20.7,,,,,TA196,12.95,,,,,CAV1SC3.1P1297039,63.8,,,,,,,,,,,,,,TR59,60.5,,cs39b,62.2,,,,,,,,,,,TA130,78.3,,,,,,,,TA28,29.8,,,,,,,,,
,,,,,,,,,,,,,,,,,,TS28,29.8,,,,,TR1,20.81,,,,,CAV1SC26.1P645183,72.2,,,,,,,,,,,,,,OPR11 2160,61.5,,ubc413a,64.4,,,,,,,,,,,GA2,85.4,,,,,,,,TA78,40.6,,,,,,,,,
,,,,,,,,,,,,,,,LG4,,,TA78,40.6,,,,,Ca6_26439443,23.38,,,,,CAV1SC152.1P79343,75.1,,,,,,,,,,,,,,TA05,62.2,,ubc239c,75.3,,,,,,,,,,,EAAMCTA13,96,,,,,,,,TA180,42.5,,,,,,,,,
,,,,,,,,,,,,,,,,,,TA180,42.5,,,,,Ca6_54233951,24.66,,,,,,,,,,,,,,,,,,,,TA42,63,,ubc156,91.6,,,,,,,,,,,EAAMCTT01,99.2,,,,,,,,H3D05,43.6,,,,,,,,,
,,,,,,,,,,,,,,,,,,H3D05,43.6,,,,,Ca6_27650765,32.41,,,,,LG4,,,,,,,,,,,,,,,TS53,63.2,,ubc711,104.1,,,,,,,,,,,ECAMCAC03,103.5,,,,,,,,TAA104,44.5,,,,,,,,,
,,,,,,,,,,,,,,,,,,TAA104,44.5,,,,,TR44,32.41,,,,,CAV1SC9.1P693069,0,,,,,,,,,,,,,,TAASH,63.3,,,,,,,,,,,,,,TR20,103.5,,,,,,,,TA140,45.3,,,,,,,,,
,,,,,,,,,,,,,,,,,,TA140,45.3,,,,,Ca6_29163667,34.46,,,,,CAV1SC9.1P1232713,3.5,,,,,,,,,,,,,,MER13 177,64,,,,,,,,,,,,,,TA13,105.7,,,,,,,,H1C22,48.1,,,,,,,,,
,,,,,,,,,,,,,,,,,,H1C22,48.1,,,,,NewChr5_6446419,39.86,,,,,CAV1SC9.1P1582445,4.1,,,,,,,,,,,,,,TA179,64.1,,,,,,,,,,,,,,TA146,106.8,,,,,,,,TA116,51.8,,,,,,,,,
,,,,,,,,,,,,,,,,,,TA116,51.8,,,,,NewChr3_8076588,40.24,,,,,scaffold34p1977386,4.6,,,,,,,,,,,,,,TA71,64.7,,,,,,,,,,,,,,TA72,107.5,,,,,,,,TA127,60.7,,,,,,,,,
,,,,,,,,,,,,,,,,,,TA127,60.7,,,,,Ca6_48108283,41.32,,,,,CAV1SC9.1P2145342,6.3,,,,,,,,,,,,,,TS35s,65.6,,,,,,,,,,,,,,TA2,109.8,,,,,,,,H5H06,71.9,,,,,,,,,
,,,,,,,,,,,,,,,,,,H5H06,71.9,,,,,NewChr8_8753564,42.36,,,,,scaffold1978P148211,6.9,,,,,,,,,,,,,,OPAC04 585,67.3,,,,,,,,,,,,,,STMS26,114.2,,,,,,,,H1A10,80.4,,,,,,,,,
,,,,,,,,,,,,,,,,,,H1A10,80.4,,,,,CaM0594,46.22,,,,,scaffold1978P872430,8,,,,,,,,,,,,,,OPB17 581,68,,,,,,,,,,,,,,TS72,118.2,,,,,,,,TAA104,92.6,,,,,,,,,
,,,,,,,,,,,,,,,,,,TAA104,92.6,,,,,CaM0317,48.09,,,,,scaffold1978P1122196,8.6,,,,,,,,,,,,,,OPX04 1460,69.4,,,,,,,,,,,,,,ISSR8401,122,,,,,,,,STMS25,104.5,,,,,,,,,
,,,,,,,,,,,,,,,,,,STMS25,104.5,,,,,CaM0639,50.18,,,,,CAV1SC25.1P1927917,9.1,,,,,,,,,,,,,,OPM02 678,70.5,,,,,,,,,,,,,,ISSR8902,128.5,,,,,,,,STMS9,120.3,,,,,,,,,
,,,,,,,,,,,,,,,,,,STMS9,120.3,,,,,H3B08,52.53,,,,,CAV1SC25.1P1095608,10.2,,,,,,,,,,,,,,TA39,73,,,,,,,,,,,,,,OPS13-2,133.8,,,,,,,,NCPGR19,139.2,,,,,,,,,
,,,,,,,,,,,,,,,,,,NCPGR19,139.2,,,,,CaM0464,54.01,,,,,scaffold1758p2675534,10.8,,,,,,,,,,,,,,RGA01,75.4,,,,,,,,,,,,,,OPD16-1,135.1,,,,,,,,TS46,158.4,,,,,,,,,
,,,,,,,,,,,,,,,,,,TS46,158.4,,,,,CaM1693,54.3,,,,,scaffold1758p3567468,11.4,,,,,,,,,,,,,,OPAI09 1777,83.7,,,,,,,,,,,,,,OPC14-2,140.4,,,,,,,,TR28,173.5,,,,,,,,,
,,,,,,,,,,,,,,,,,,TR28,173.5,,,,,CaM1402,55.16,,,,,scaffold1758p2146922,12.5,,,,,,,,,,,,,,OPAH11 613,86.2,,,,,,,,,,,,,,OPT12-5,149.9,,,,,,,,TA18,176.6,,,,,,,,,
,,,,,,,,,,,,,,,,,,TA18,176.6,,,,,TA22,56.02,,,,,scaffold1758p1888469,13.7,,,,,,,,,,,,,,,,,,,,,,,,,,,,,OPT13-3,167.5,,,,,,,,TA44,196,,,,,,,,,
,,,,,,,,,,,,,,,,,,TA44,196,,,,,H1L161,56.99,,,,,scaffold1758p1006151,15.5,,,,,,,,,,,,,,LG6,,,,,,,,,,,,,,,OPT12-3,180.9,,,,,,,,,,,,,,,,,,
,,,,,,,,,,,,,,,,,,,,,,,,TA80,57.67,,,,,CAV1SC58.1P571352,16.1,,,,,,,,,,,,,,ubc881 879,0,,,,,,,,,,,,,,EAAMCTT03,203.3,,,,,,,,LG8,,,,,,,,,,
,,,,,,,,,,,,,,,,,,LG8,,,,,,CKAM1175,59.4,,,,,scaffold360p479554,16.6,,,,,,,,,,,,,,OPX04 748,6.4,,,,,,,,,,,,,,OPC10-1,210,,,,,,,,TA118,0,,,,,,,,,
,,,,,,,,,,,,,,,,,,TA118,0,,,,,Ca6_52028669,63.25,,,,,CAV1SC58.1P346798,17.2,,,,,,,,,,,,,,ubc881 469,15.9,,,,,,,,,,,,,,ECAMCAG10,216.4,,,,,,,,GA6,8.9,,,,,,,,,
,,,,,,,,,,,,,,,,,,GA6,8.9,,,,,H5A04,65,,,,,CAV1SC2.1P5035513,17.8,,,,,,,,,,,,,,MER13 181,25.2,,,,,,,,,,,,,,ECAMCAC09,221.6,,,,,,,,TS57,20.8,,,,,,,,,
,,,,,,,,,,,,,,,,,,TS57,20.8,,,,,TA176,66.2,,,,,scaffold360p644415,18.3,,,,,,,,,,,,,,RGA10,34.5,,,,,,,,,,,,,,STMS24,221.6,,,,,,,,TS45,33.7,,,,,,,,,
,,,,,,,,,,,,,,,,,,TS45,33.7,,,,,CaM0753,66.49,,,,,CAV1SC2.1P3633116,24.9,,,,,,,,,,,,,,OPZ01 1785,50.3,,,,,,,,,,,,,,TAA46,227.5,,,,,,,,TA3,43.2,,,,,,,,,
,,,,,,,,,,,,,,,,,,TA3,43.2,,,,,Ca6_20786192,76.4,,,,,CAV1SC2.1P3082421,26,,,,,,,,,,,,,,OPAC12 890,53.6,,,,,,,,,,,,,,ISSR842,241,,,,,,,,TA127,51.9,,,,,,,,,
,,,,,,,,,,,,,,,,,,TA127,51.9,,,,,GA34,87.4,,,,,CAV1SC2.1P2945721,26.6,,,,,,,,,,,,,,OPAC04 714,55.6,,,,,,,,,,,,,,,,,,,,,,,TS25,55.1,,,,,,,,,
,,,,,,,,,,,,,,,,,,TA25,55.1,,,,,Ca6_17268071,88.55,,,,,scaffold405p948196,27.1,,,,,,,,,,,,,,OPF14 1410,58,,,,,,,,,,,,,,LG5,,,,,,,,,TS12,57.3,,,,,,,,,
,,,,,,,,,,,,,,,,,,TS12,57.3,,,,,CaM0244,96.62,,,,,CAV1SC2.1P2866837,27.7,,,,,,,,,,,,,,TA80,60.1,,,,,,,,,,,,,,OPT12-1,0,,,,,,,,H5B04,60.7,,,,,,,,,
,,,,,,,,,,,,,,,,,,H5B04,60.7,,,,,Ca6_14194401,105.72,,,,,scaffold405p2153718,31.4,,,,,,,,,,,,,,OPAF16 920,69.8,,,,,,,,,,,,,,ISSR8682,13.5,,,,,,,,TA144,66.3,,,,,,,,,
,,,,,,,,,,,,,,,,,,TA144,66.3,,,,,Ca6_12582861,107.68,,,,,CAV1SC2.1P1872075,32,,,,,,,,,,,,,,ubc181 971,85.2,,,,,,,,,,,,,,STMS20,17.1,,,,,,,,,,,,,,,,,,
,,,,,,,,,,,,,,,,,,,,,,,,CKAM1489,109.23,,,,,CAV1SC2.1P1435160,32.6,,,,,,,,,,,,,,,,,,,,,,,,,,,,,STMSB,18.9,,,,,,,,,,,,,,,,,,
,,,,,,,,,,,,,,,,,,,,,,,,CKAM1170,110.89,,,,,scaffold405p3186244,34.4,,,,,,,,,,,,,,LG7,,,,,,,,,,,,,,,EAAMCTT06,25.1,,,,,,,,,,,,,,,,,,
,,,,,,,,,,,,,,,,,,,,,,,,Ca6_10493066,112.54,,,,,CAV1SC2.1P566504,35,,,,,,,,,,,,,,ubc181 818,0,,,,,,,,,,,,,,ISSR889,32.2,,,,,,,,,,,,,,,,,,
,,,,,,,,,,,,,,,,,,,,,,,,Ca6_5321252,118.45,,,,,CAV1SC2.1P1129668,35.6,,,,,,,,,,,,,,Repfact,18.1,,,,,,,,,,,,,,OPT12-4,42.8,,,,,,,,,,,,,,,,,,
,,,,,,,,,,,,,,,,,,,,,,,,Ca6_5664350,121.09,,,,,scaffold405p3450200,36.2,,,,,,,,,,,,,,OPQ05 819,42.5,,,,,,,,,,,,,,OPJ13-1,45.4,,,,,,,,,,,,,,,,,,
,,,,,,,,,,,,,,,,,,,,,,,,Ca6_5208429,123.79,,,,,scaffold77p2859561,39.2,,,,,,,,,,,,,,OPAH11 532,51.4,,,,,,,,,,,,,,R360-8-1,51.8,,,,,,,,,,,,,,,,,,
,,,,,,,,,,,,,,,,,,,,,,,,Ca6_3483045,132.46,,,,,scaffold77p2742838,39.8,,,,,,,,,,,,,,OPX14 350,54.2,,,,,,,,,,,,,,STMS22,55.8,,,,,,,,,,,,,,,,,,
,,,,,,,,,,,,,,,,,,,,,,,,H1I16,139.34,,,,,scaffold77p1818751,42.2,,,,,,,,,,,,,,ubc733 1076,54.7,,,,,,,,,,,,,,ECAMCAT12,63.2,,,,,,,,,,,,,,,,,,
,,,,,,,,,,,,,,,,,,,,,,,,GA26,141.67,,,,,scaffold77p1747620,42.8,,,,,,,,,,,,,,OPX13 840,57.4,,,,,,,,,,,,,,OPU17-2,78.8,,,,,,,,,,,,,,,,,,
,,,,,,,,,,,,,,,,,,,,,,,,,,,,,,CAV1SC317.1P224893,43.9,,,,,,,,,,,,,,TA18,60.6,,,,,,,,,,,,,,OPQ13-3,78.8,,,,,,,,,,,,,,,,,,
,,,,,,,,,,,,,,,,,,,,,,,,LG7,,,,,,scaffold77p31132,45.1,,,,,,,,,,,,,,Uca/uca,61.6,,,,,,,,,,,,,,TS35,80.5,,,,,,,,,,,,,,,,,,
,,,,,,,,,,,,,,,,,,,,,,,,Ca7_3672236,0,,,,,scaffold1326p154972,45.7,,,,,,,,,,,,,,TA180,62.8,,,,,,,,,,,,,,OPAB09-3,89.5,,,,,,,,,,,,,,,,,,
,,,,,,,,,,,,,,,,,,,,,,,,Ca7_5954778,1.56,,,,,scaffold1326p37841,46.4,,,,,,,,,,,,,,TA78,65.5,,,,,,,,,,,,,,ECAMCAG04,97.7,,,,,,,,,,,,,,,,,,
,,,,,,,,,,,,,,,,,,,,,,,,Ca7_7423419,5.42,,,,,CAV1SC129.1P443461,47.6,,,,,,,,,,,,,,OPQ04 1670,66,,,,,,,,,,,,,,ECAMCAT0B,102.9,,,,,,,,,,,,,,,,,,
,,,,,,,,,,,,,,,,,,,,,,,,Ca7_7874104,7.28,,,,,CAV1SC77.1P175059,48.1,,,,,,,,,,,,,,TA28,68.3,,,,,,,,,,,,,,OPN06-2,109.2,,,,,,,,,,,,,,,,,,
,,,,,,,,,,,,,,,,,,,,,,,,Ca7_8441073,10.17,,,,,CAV1SC129.1P265821,48.7,,,,,,,,,,,,,,OPX13 750,69.7,,,,,,,,,,,,,,GA4,112.7,,,,,,,,,,,,,,,,,,
,,,,,,,,,,,,,,,,,,,,,,,,Ca7_9458260,14.18,,,,,scaffold1351p194481,51.2,,,,,,,,,,,,,,OPAH11 558,84.3,,,,,,,,,,,,,,OPC06-2,116.5,,,,,,,,,,,,,,,,,,
,,,,,,,,,,,,,,,,,,,,,,,,TA44,30.53,,,,,scaffold2005p25023,51.8,,,,,,,,,,,,,,,,,,,,,,,,,,,,,OPT12-2,128.4,,,,,,,,,,,,,,,,,,
,,,,,,,,,,,,,,,,,,,,,,,,Ca7_20293669,44.42,,,,,scaffold320p2751278,52.5,,,,,,,,,,,,,,,,,,,,,,,,,,,,,OPP07-1,142.5,,,,,,,,,,,,,,,,,,
,,,,,,,,,,,,,,,,,,,,,,,,TAA58,45.25,,,,,scaffold320p2686095,53.6,,,,,,,,,,,,,,LG8,,,,,,,,,,,,,,,TA5,151,,,,,,,,,,,,,,,,,,
,,,,,,,,,,,,,,,,,,,,,,,,H1C22,45.55,,,,,scaffold320p2599156,54.2,,,,,,,,,,,,,,OPAI09 888,0,,,,,,,,,,,,,,STMS19,156.2,,,,,,,,,,,,,,,,,,
,,,,,,,,,,,,,,,,,,,,,,,,TA78,45.83,,,,,scaffold3794p57002,56.1,,,,,,,,,,,,,,OPQ05 1369,17.1,,,,,,,,,,,,,,OPB0B-1,160.2,,,,,,,,,,,,,,,,,,
,,,,,,,,,,,,,,,,,,,,,,,,TA18,46.4,,,,,scaffold3258p54397,56.7,,,,,,,,,,,,,,OPX13 540,20.9,,,,,,,,,,,,,,OPB0B-2,163.9,,,,,,,,,,,,,,,,,,
,,,,,,,,,,,,,,,,,,,,,,,,CaM0443,46.97,,,,,scaffold75p897,59.8,,,,,,,,,,,,,,TA03,27.2,,,,,,,,,,,,,,TS43,169.4,,,,,,,,,,,,,,,,,,
,,,,,,,,,,,,,,,,,,,,,,,,Ca7_27711879,47.74,,,,,CAV1SC39.1P119450,60.4,,,,,,,,,,,,,,TA25,28,,,,,,,,,,,,,,TS53,170,,,,,,,,,,,,,,,,,,
,,,,,,,,,,,,,,,,,,,,,,,,Ca7_41654010,48.27,,,,,scaffold27p2264111,61,,,,,,,,,,,,,,TS12,28.5,,,,,,,,,,,,,,STMS7,171.1,,,,,,,,,,,,,,,,,,
,,,,,,,,,,,,,,,,,,,,,,,,Ca7_39215009,48.99,,,,,CAV1SC39.1P72391,61.6,,,,,,,,,,,,,,OPAF06 988,31.2,,,,,,,,,,,,,,TAASH,173,,,,,,,,,,,,,,,,,,
,,,,,,,,,,,,,,,,,,,,,,,,Ca7_33570982,49.4,,,,,CAV1SC39.1P935727,64.7,,,,,,,,,,,,,,OPAF06 947,31.7,,,,,,,,,,,,,,TA39,176.3,,,,,,,,,,,,,,,,,,
,,,,,,,,,,,,,,,,,,,,,,,,Ca7_30029820,56.8,,,,,CAV1SC242.1P528294,67.6,,,,,,,,,,,,,,RG04,45.4,,,,,,,,,,,,,,TR29,180,,,,,,,,,,,,,,,,,,
,,,,,,,,,,,,,,,,,,,,,,,,Ca7_30029980,57.55,,,,,CAV1SC242.1P311297,68.1,,,,,,,,,,,,,,OPAF16 600,73,,,,,,,,,,,,,,GAA42,189.8,,,,,,,,,,,,,,,,,,
,,,,,,,,,,,,,,,,,,,,,,,,CKAM0165,59.29,,,,,CAV1SC89.1P500580,71.6,,,,,,,,,,,,,,,,,,,,,,,,,,,,,ECAMCAC02,203.4,,,,,,,,,,,,,,,,,,
,,,,,,,,,,,,,,,,,,,,,,,,,,,,,,scaffold1534p1404651,73.4,,,,,,,,,,,,,,,,,,,,,,,,,,,,,ECAMCTA05,205.4,,,,,,,,,,,,,,,,,,
,,,,,,,,,,,,,,,,,,,,,,,,LG8,,,,,,scaffold1534p1421244,73.9,,,,,,,,,,,,,,,,,,,,,,,,,,,,,EAAMCTA09,207.4,,,,,,,,,,,,,,,,,,
,,,,,,,,,,,,,,,,,,,,,,,,TS45,0,,,,,CAV1SC89.1P28720,74.5,,,,,,,,,,,,,,,,,,,,,,,,,,,,,ECAMCAT09,209,,,,,,,,,,,,,,,,,,
,,,,,,,,,,,,,,,,,,,,,,,,CKAM0997,21.18,,,,,CAV1SC89.1P3429,75.1,,,,,,,,,,,,,,,,,,,,,,,,,,,,,OPG09,224.7,,,,,,,,,,,,,,,,,,
,,,,,,,,,,,,,,,,,,,,,,,,Ca8_9389347,23.84,,,,,CAV1SC132.1P261467,76.2,,,,,,,,,,,,,,,,,,,,,,,,,,,,,,,,,,,,,,,,,,,,,,,,
,,,,,,,,,,,,,,,,,,,,,,,,Ca8_8486370,26.08,,,,,CAV1SC36.1P711069,83.1,,,,,,,,,,,,,,,,,,,,,,,,,,,,,LG6,,,,,,,,,,,,,,,,,,,
,,,,,,,,,,,,,,,,,,,,,,,,NewChr11_874176,30.44,,,,,CAV1SC183.1P40364,86,,,,,,,,,,,,,,,,,,,,,,,,,,,,,OPC15-1,0,,,,,,,,,,,,,,,,,,
,,,,,,,,,,,,,,,,,,,,,,,,H5B04,31.66,,,,,,,,,,,,,,,,,,,,,,,,,,,,,,,,,,,OPU03-5,4,,,,,,,,,,,,,,,,,,
,,,,,,,,,,,,,,,,,,,,,,,,H1C092,32.29,,,,,LG5,,,,,,,,,,,,,,,,,,,,,,,,,,,,,,OPC06-1,5.9,,,,,,,,,,,,,,,,,,
,,,,,,,,,,,,,,,,,,,,,,,,TA25,32.59,,,,,scaffold52p137529,0,,,,,,,,,,,,,,,,,,,,,,,,,,,,,OPO04-2,8.8,,,,,,,,,,,,,,,,,,
,,,,,,,,,,,,,,,,,,,,,,,,TA144,35.35,,,,,scaffold810p221724,2.5,,,,,,,,,,,,,,,,,,,,,,,,,,,,,OPC20-1,15.9,,,,,,,,,,,,,,,,,,
,,,,,,,,,,,,,,,,,,,,,,,,,,,,,,CAV1SC205.1p493279,5.7,,,,,,,,,,,,,,,,,,,,,,,,,,,,,OPJ13-2,25.9,,,,,,,,,,,,,,,,,,
,,,,,,,,,,,,,,,,,,,,,,,,,,,,,,scaffold772p46380,6.3,,,,,,,,,,,,,,,,,,,,,,,,,,,,,OPA17-2,41.8,,,,,,,,,,,,,,,,,,
,,,,,,,,,,,,,,,,,,,,,,,,,,,,,,scaffold931p154301,6.9,,,,,,,,,,,,,,,,,,,,,,,,,,,,,OPC15-4,51.2,,,,,,,,,,,,,,,,,,
,,,,,,,,,,,,,,,,,,,,,,,,,,,,,,scaffold210p115540,7.5,,,,,,,,,,,,,,,,,,,,,,,,,,,,,OPAB09-5,74.9,,,,,,,,,,,,,,,,,,
,,,,,,,,,,,,,,,,,,,,,,,,,,,,,,scaffold41p65387,8.1,,,,,,,,,,,,,,,,,,,,,,,,,,,,,STMS15,89,,,,,,,,,,,,,,,,,,
,,,,,,,,,,,,,,,,,,,,,,,,,,,,,,scaffold99p53066,8.8,,,,,,,,,,,,,,,,,,,,,,,,,,,,,TA14,92.6,,,,,,,,,,,,,,,,,,
,,,,,,,,,,,,,,,,,,,,,,,,,,,,,,scaffold1319p592,9.4,,,,,,,,,,,,,,,,,,,,,,,,,,,,,TR44,103.8,,,,,,,,,,,,,,,,,,
,,,,,,,,,,,,,,,,,,,,,,,,,,,,,,scaffold23p520992,12,,,,,,,,,,,,,,,,,,,,,,,,,,,,,ECAMCAC01,108.6,,,,,,,,,,,,,,,,,,
,,,,,,,,,,,,,,,,,,,,,,,,,,,,,,scaffold3362p65455,13.8,,,,,,,,,,,,,,,,,,,,,,,,,,,,,ECAMCTA04,112.5,,,,,,,,,,,,,,,,,,
,,,,,,,,,,,,,,,,,,,,,,,,,,,,,,scaffold188p413012,15.5,,,,,,,,,,,,,,,,,,,,,,,,,,,,,ECAMCTA07,115.2,,,,,,,,,,,,,,,,,,
,,,,,,,,,,,,,,,,,,,,,,,,,,,,,,CAV1SC8.1p413012,16.1,,,,,,,,,,,,,,,,,,,,,,,,,,,,,ECAMCTA02,116.3,,,,,,,,,,,,,,,,,,
,,,,,,,,,,,,,,,,,,,,,,,,,,,,,,CAV1SC8.1p184951,16.6,,,,,,,,,,,,,,,,,,,,,,,,,,,,,EAAMCTA08,116.3,,,,,,,,,,,,,,,,,,
,,,,,,,,,,,,,,,,,,,,,,,,,,,,,,scaffold1232p658530,18.5,,,,,,,,,,,,,,,,,,,,,,,,,,,,,ECAMCAC04,116.3,,,,,,,,,,,,,,,,,,
,,,,,,,,,,,,,,,,,,,,,,,,,,,,,,scaffold85p37837,25.5,,,,,,,,,,,,,,,,,,,,,,,,,,,,,ECAMCAC10,119.6,,,,,,,,,,,,,,,,,,
,,,,,,,,,,,,,,,,,,,,,,,,,,,,,,scaffold149p237269,26.8,,,,,,,,,,,,,,,,,,,,,,,,,,,,,ISSR8402,137.1,,,,,,,,,,,,,,,,,,
,,,,,,,,,,,,,,,,,,,,,,,,,,,,,,scaffold149p1385195,28.7,,,,,,,,,,,,,,,,,,,,,,,,,,,,,TR1,147.2,,,,,,,,,,,,,,,,,,
,,,,,,,,,,,,,,,,,,,,,,,,,,,,,,scaffold502p383138,33.6,,,,,,,,,,,,,,,,,,,,,,,,,,,,,R260-7-1,148.9,,,,,,,,,,,,,,,,,,
,,,,,,,,,,,,,,,,,,,,,,,,,,,,,,scaffold1596p654470,39.9,,,,,,,,,,,,,,,,,,,,,,,,,,,,,OPN06-4,152.2,,,,,,,,,,,,,,,,,,
,,,,,,,,,,,,,,,,,,,,,,,,,,,,,,CAV1SC1.1p432638,58.2,,,,,,,,,,,,,,,,,,,,,,,,,,,,,OPD03-2,153.8,,,,,,,,,,,,,,,,,,
,,,,,,,,,,,,,,,,,,,,,,,,,,,,,,scaffold2058p1860046,60,,,,,,,,,,,,,,,,,,,,,,,,,,,,,TR7,159.3,,,,,,,,,,,,,,,,,,
,,,,,,,,,,,,,,,,,,,,,,,,,,,,,,CAV1SC1.1p4940145,61.2,,,,,,,,,,,,,,,,,,,,,,,,,,,,,TA80,160.4,,,,,,,,,,,,,,,,,,
,,,,,,,,,,,,,,,,,,,,,,,,,,,,,,scaffold2058p1871915,61.8,,,,,,,,,,,,,,,,,,,,,,,,,,,,,TA22,162.7,,,,,,,,,,,,,,,,,,
,,,,,,,,,,,,,,,,,,,,,,,,,,,,,,scaffold2058p4482876,71.8,,,,,,,,,,,,,,,,,,,,,,,,,,,,,TA176,162.7,,,,,,,,,,,,,,,,,,
,,,,,,,,,,,,,,,,,,,,,,,,,,,,,,scaffold1211p1470943,83.4,,,,,,,,,,,,,,,,,,,,,,,,,,,,,OPN06-5,184.6,,,,,,,,,,,,,,,,,,
,,,,,,,,,,,,,,,,,,,,,,,,,,,,,,scaffold1211p1131006,85.9,,,,,,,,,,,,,,,,,,,,,,,,,,,,,TA106,191.8,,,,,,,,,,,,,,,,,,
,,,,,,,,,,,,,,,,,,,,,,,,,,,,,,scaffold1211p152474,87.8,,,,,,,,,,,,,,,,,,,,,,,,,,,,,GA9,194.3,,,,,,,,,,,,,,,,,,
,,,,,,,,,,,,,,,,,,,,,,,,,,,,,,,,,,,,,,,,,,,,,,,,,,,,,,,,,,,,ISSR8551,197.8,,,,,,,,,,,,,,,,,,
,,,,,,,,,,,,,,,,,,,,,,,,,,,,,,LG6,,,,,,,,,,,,,,,,,,,,,,,,,,,,,,GA34,205.3,,,,,,,,,,,,,,,,,,
,,,,,,,,,,,,,,,,,,,,,,,,,,,,,,CAV1SC5.1p1482110,0,,,,,,,,,,,,,,,,,,,,,,,,,,,,,STMS2,215.1,,,,,,,,,,,,,,,,,,
,,,,,,,,,,,,,,,,,,,,,,,,,,,,,,scaffold241p964049,1.3,,,,,,,,,,,,,,,,,,,,,,,,,,,,,,,,,,,,,,,,,,,,,,,,
,,,,,,,,,,,,,,,,,,,,,,,,,,,,,,scaffold241p1181379,2.5,,,,,,,,,,,,,,,,,,,,,,,,,,,,,LG 7,,,,,,,,,,,,,,,,,,,
,,,,,,,,,,,,,,,,,,,,,,,,,,,,,,CAV1SC629.1p48559,6.5,,,,,,,,,,,,,,,,,,,,,,,,,,,,,ECAMCTA11,0,,,,,,,,,,,,,,,,,,
,,,,,,,,,,,,,,,,,,,,,,,,,,,,,,scaffold585p2579784,10.2,,,,,,,,,,,,,,,,,,,,,,,,,,,,,ECAMCAG01,14.6,,,,,,,,,,,,,,,,,,
,,,,,,,,,,,,,,,,,,,,,,,,,,,,,,scaffold565p2186404,11.4,,,,,,,,,,,,,,,,,,,,,,,,,,,,,ECAMCTA06,15.8,,,,,,,,,,,,,,,,,,
,,,,,,,,,,,,,,,,,,,,,,,,,,,,,,scaffold585p831940,13.2,,,,,,,,,,,,,,,,,,,,,,,,,,,,,ECAMCATOS,16.8,,,,,,,,,,,,,,,,,,
,,,,,,,,,,,,,,,,,,,,,,,,,,,,,,CAV1SC11.1p1795739,15,,,,,,,,,,,,,,,,,,,,,,,,,,,,,ECAMCAT02,19.8,,,,,,,,,,,,,,,,,,
,,,,,,,,,,,,,,,,,,,,,,,,,,,,,,CAV1SC848.1p27408,17.9,,,,,,,,,,,,,,,,,,,,,,,,,,,,,ECAMCTA12,23.2,,,,,,,,,,,,,,,,,,
,,,,,,,,,,,,,,,,,,,,,,,,,,,,,,scaffold91p1483454,25.8,,,,,,,,,,,,,,,,,,,,,,,,,,,,,GAA44,30.3,,,,,,,,,,,,,,,,,,
,,,,,,,,,,,,,,,,,,,,,,,,,,,,,,scaffold91p700813,26.3,,,,,,,,,,,,,,,,,,,,,,,,,,,,,TA21,48.9,,,,,,,,,,,,,,,,,,
,,,,,,,,,,,,,,,,,,,,,,,,,,,,,,CAV1SC288.1p243547,26.9,,,,,,,,,,,,,,,,,,,,,,,,,,,,,TA78,61.8,,,,,,,,,,,,,,,,,,
,,,,,,,,,,,,,,,,,,,,,,,,,,,,,,scaffold4403p64266,31.3,,,,,,,,,,,,,,,,,,,,,,,,,,,,,ECAMCTA03,68.3,,,,,,,,,,,,,,,,,,
,,,,,,,,,,,,,,,,,,,,,,,,,,,,,,CAV1SC321.1p73580,32.5,,,,,,,,,,,,,,,,,,,,,,,,,,,,,TA28,72.8,,,,,,,,,,,,,,,,,,
,,,,,,,,,,,,,,,,,,,,,,,,,,,,,,CAV1SC384.1p171965,34.2,,,,,,,,,,,,,,,,,,,,,,,,,,,,,TS62,76.4,,,,,,,,,,,,,,,,,,
,,,,,,,,,,,,,,,,,,,,,,,,,,,,,,CAV1SC35.1p893028,35.3,,,,,,,,,,,,,,,,,,,,,,,,,,,,,TAA58,82.4,,,,,,,,,,,,,,,,,,
,,,,,,,,,,,,,,,,,,,,,,,,,,,,,,CAV1SC87.1p715741,38.5,,,,,,,,,,,,,,,,,,,,,,,,,,,,,TA140,84.2,,,,,,,,,,,,,,,,,,
,,,,,,,,,,,,,,,,,,,,,,,,,,,,,,CAV1SC28.1p539988,39.7,,,,,,,,,,,,,,,,,,,,,,,,,,,,,TA18,87.6,,,,,,,,,,,,,,,,,,
,,,,,,,,,,,,,,,,,,,,,,,,,,,,,,CAV1SC28.1p721281,40.3,,,,,,,,,,,,,,,,,,,,,,,,,,,,,OPT18-2,96.9,,,,,,,,,,,,,,,,,,
,,,,,,,,,,,,,,,,,,,,,,,,,,,,,,CAV1SC0445.1p92883,42.5,,,,,,,,,,,,,,,,,,,,,,,,,,,,,OPC20-2,101.6,,,,,,,,,,,,,,,,,,
,,,,,,,,,,,,,,,,,,,,,,,,,,,,,,scaffold3843p176584,46.4,,,,,,,,,,,,,,,,,,,,,,,,,,,,,ECAMCAT04,110.2,,,,,,,,,,,,,,,,,,
,,,,,,,,,,,,,,,,,,,,,,,,,,,,,,scaffold1096p858507,52.7,,,,,,,,,,,,,,,,,,,,,,,,,,,,,OPA12-2,111,,,,,,,,,,,,,,,,,,
,,,,,,,,,,,,,,,,,,,,,,,,,,,,,,CAV1SC12.1p298945,53.3,,,,,,,,,,,,,,,,,,,,,,,,,,,,,OPA12-3,115.8,,,,,,,,,,,,,,,,,,
,,,,,,,,,,,,,,,,,,,,,,,,,,,,,,scaffold1015p390153,64.8,,,,,,,,,,,,,,,,,,,,,,,,,,,,,OPG09-2,123.6,,,,,,,,,,,,,,,,,,
,,,,,,,,,,,,,,,,,,,,,,,,,,,,,, scaffold1049p279318,65.4,,,,,,,,,,,,,,,,,,,,,,,,,,,,,TA180,143.3,,,,,,,,,,,,,,,,,,
,,,,,,,,,,,,,,,,,,,,,,,,,,,,,,scaffold976p296704,66.1,,,,,,,,,,,,,,,,,,,,,,,,,,,,,ISSR8112,165,,,,,,,,,,,,,,,,,,
,,,,,,,,,,,,,,,,,,,,,,,,,,,,,,scaffold1670p63002,66.7,,,,,,,,,,,,,,,,,,,,,,,,,,,,,ISSR830,181,,,,,,,,,,,,,,,,,,
,,,,,,,,,,,,,,,,,,,,,,,,,,,,,,scaffold517p229021,69.5,,,,,,,,,,,,,,,,,,,,,,,,,,,,,,,,,,,,,,,,,,,,,,,,
,,,,,,,,,,,,,,,,,,,,,,,,,,,,,,CAV1SC54.1p810864,71.5,,,,,,,,,,,,,,,,,,,,,,,,,,,,,LG 8,,,,,,,,,,,,,,,,,,,
,,,,,,,,,,,,,,,,,,,,,,,,,,,,,,scaffold1146p231052,72.8,,,,,,,,,,,,,,,,,,,,,,,,,,,,,EAAMCTT02,0,,,,,,,,,,,,,,,,,,
,,,,,,,,,,,,,,,,,,,,,,,,,,,,,,scaffold31873957,73.4,,,,,,,,,,,,,,,,,,,,,,,,,,,,,S1E1,15.3,,,,,,,,,,,,,,,,,,
,,,,,,,,,,,,,,,,,,,,,,,,,,,,,,scaffold1484p368342,74,,,,,,,,,,,,,,,,,,,,,,,,,,,,,GAA46,26.7,,,,,,,,,,,,,,,,,,
,,,,,,,,,,,,,,,,,,,,,,,,,,,,,,scaffold960p41905,76.6,,,,,,,,,,,,,,,,,,,,,,,,,,,,,ECAMCAG03,33.7,,,,,,,,,,,,,,,,,,
,,,,,,,,,,,,,,,,,,,,,,,,,,,,,,scaffold691p298571,77.2,,,,,,,,,,,,,,,,,,,,,,,,,,,,,OPG09-5,41.2,,,,,,,,,,,,,,,,,,
,,,,,,,,,,,,,,,,,,,,,,,,,,,,,,scaffold258p430758,79.1,,,,,,,,,,,,,,,,,,,,,,,,,,,,,G6PD,66.2,,,,,,,,,,,,,,,,,,
,,,,,,,,,,,,,,,,,,,,,,,,,,,,,,scaffold1646p97220,83.2,,,,,,,,,,,,,,,,,,,,,,,,,,,,,ACONc,71,,,,,,,,,,,,,,,,,,
,,,,,,,,,,,,,,,,,,,,,,,,,,,,,,scaffold245p395412,88.4,,,,,,,,,,,,,,,,,,,,,,,,,,,,,TS45,75.7,,,,,,,,,,,,,,,,,,
,,,,,,,,,,,,,,,,,,,,,,,,,,,,,,CAV1SC145.1p405785,88.9,,,,,,,,,,,,,,,,,,,,,,,,,,,,,OPQ11,82,,,,,,,,,,,,,,,,,,
,,,,,,,,,,,,,,,,,,,,,,,,,,,,,,CAV1SC145.1p500844,92.6,,,,,,,,,,,,,,,,,,,,,,,,,,,,,PGMb,91.6,,,,,,,,,,,,,,,,,,
,,,,,,,,,,,,,,,,,,,,,,,,,,,,,,scaffold1280p82085,95,,,,,,,,,,,,,,,,,,,,,,,,,,,,,EAAMCTA11,104.1,,,,,,,,,,,,,,,,,,
,,,,,,,,,,,,,,,,,,,,,,,,,,,,,,CAV1SC117.1p228695,95.5,,,,,,,,,,,,,,,,,,,,,,,,,,,,,EAAMCTA14,127.9,,,,,,,,,,,,,,,,,,
,,,,,,,,,,,,,,,,,,,,,,,,,,,,,,scaffold2255p45948,99.5,,,,,,,,,,,,,,,,,,,,,,,,,,,,,TA3,141.3,,,,,,,,,,,,,,,,,,
,,,,,,,,,,,,,,,,,,,,,,,,,,,,,,,,,,,,,,,,,,,,,,,,,,,,,,,,,,,,TS12,157.7,,,,,,,,,,,,,,,,,,
,,,,,,,,,,,,,,,,,,,,,,,,,,,,,,LG7,,,,,,,,,,,,,,,,,,,,,,,,,,,,,,,,,,,,,,,,,,,,,,,,,
,,,,,,,,,,,,,,,,,,,,,,,,,,,,,,CAV1SC27.1P241759,0,,,,,,,,,,,,,,,,,,,,,,,,,,,,,LG 9,,,,,,,,,,,,,,,,,,,
,,,,,,,,,,,,,,,,,,,,,,,,,,,,,,scaffold988p3831205,1.2,,,,,,,,,,,,,,,,,,,,,,,,,,,,,OPA12-1,0,,,,,,,,,,,,,,,,,,
,,,,,,,,,,,,,,,,,,,,,,,,,,,,,,scaffold988p3075889,2.9,,,,,,,,,,,,,,,,,,,,,,,,,,,,,ECAMCAG07,11.8,,,,,,,,,,,,,,,,,,
,,,,,,,,,,,,,,,,,,,,,,,,,,,,,,CAV1SC7.1P1524963,4.1,,,,,,,,,,,,,,,,,,,,,,,,,,,,,ECAMCAG06,14.4,,,,,,,,,,,,,,,,,,
,,,,,,,,,,,,,,,,,,,,,,,,,,,,,,CAV1SC7.1P912998,4.7,,,,,,,,,,,,,,,,,,,,,,,,,,,,,ECAMCAG05,16.8,,,,,,,,,,,,,,,,,,
,,,,,,,,,,,,,,,,,,,,,,,,,,,,,,CAV1SC7.1P481794,6.4,,,,,,,,,,,,,,,,,,,,,,,,,,,,,STS6,17.9,,,,,,,,,,,,,,,,,,
,,,,,,,,,,,,,,,,,,,,,,,,,,,,,,CAV1SC172.1P110571,8.1,,,,,,,,,,,,,,,,,,,,,,,,,,,,,ISSR8561,22.5,,,,,,,,,,,,,,,,,,
,,,,,,,,,,,,,,,,,,,,,,,,,,,,,,CAV1SC172.1P406247,9.8,,,,,,,,,,,,,,,,,,,,,,,,,,,,,ISSR8591,25.5,,,,,,,,,,,,,,,,,,
,,,,,,,,,,,,,,,,,,,,,,,,,,,,,,CAV1SC13.1P153254,11.5,,,,,,,,,,,,,,,,,,,,,,,,,,,,,OPC183,40.5,,,,,,,,,,,,,,,,,,
,,,,,,,,,,,,,,,,,,,,,,,,,,,,,,CAV1SC13.1P699591,12,,,,,,,,,,,,,,,,,,,,,,,,,,,,,,,,,,,,,,,,,,,,,,,,
,,,,,,,,,,,,,,,,,,,,,,,,,,,,,,CAV1SC13.1P801338,12.6,,,,,,,,,,,,,,,,,,,,,,,,,,,,,LG 10,,,,,,,,,,,,,,,,,,,
,,,,,,,,,,,,,,,,,,,,,,,,,,,,,,scaffold320p1659554,13.2,,,,,,,,,,,,,,,,,,,,,,,,,,,,,OPA12-4,0,,,,,,,,,,,,,,,,,,
,,,,,,,,,,,,,,,,,,,,,,,,,,,,,,scaffold320p1286085,16.9,,,,,,,,,,,,,,,,,,,,,,,,,,,,,OPO04-4,6.6,,,,,,,,,,,,,,,,,,
,,,,,,,,,,,,,,,,,,,,,,,,,,,,,,scaffold320p54285,20.5,,,,,,,,,,,,,,,,,,,,,,,,,,,,,OPU03-3,22.4,,,,,,,,,,,,,,,,,,
,,,,,,,,,,,,,,,,,,,,,,,,,,,,,,scaffold320p310080,38.7,,,,,,,,,,,,,,,,,,,,,,,,,,,,,OPA12-6,36.5,,,,,,,,,,,,,,,,,,
,,,,,,,,,,,,,,,,,,,,,,,,,,,,,,scaffold320p872851,43.4,,,,,,,,,,,,,,,,,,,,,,,,,,,,,,,,,,,,,,,,,,,,,,,,
,,,,,,,,,,,,,,,,,,,,,,,,,,,,,,CAV1SC102.1P700967,44,,,,,,,,,,,,,,,,,,,,,,,,,,,,,LG 11,,,,,,,,,,,,,,,,,,,
,,,,,,,,,,,,,,,,,,,,,,,,,,,,,,CAV1SC102.1P548827,45.2,,,,,,,,,,,,,,,,,,,,,,,,,,,,,STM12,0,,,,,,,,,,,,,,,,,,
,,,,,,,,,,,,,,,,,,,,,,,,,,,,,,CAV1SC102.1P221863,47.5,,,,,,,,,,,,,,,,,,,,,,,,,,,,,TS72,18,,,,,,,,,,,,,,,,,,
,,,,,,,,,,,,,,,,,,,,,,,,,,,,,,scaffold2119p275103,49.3,,,,,,,,,,,,,,,,,,,,,,,,,,,,,OPQ13,26.7,,,,,,,,,,,,,,,,,,
,,,,,,,,,,,,,,,,,,,,,,,,,,,,,,CAV1SC153.1P723957,52.8,,,,,,,,,,,,,,,,,,,,,,,,,,,,,,,,,,,,,,,,,,,,,,,,
,,,,,,,,,,,,,,,,,,,,,,,,,,,,,,CAV1SC153.1P827499,53.3,,,,,,,,,,,,,,,,,,,,,,,,,,,,,LG12,,,,,,,,,,,,,,,,,,,
,,,,,,,,,,,,,,,,,,,,,,,,,,,,,,scaffold744p293380,54.5,,,,,,,,,,,,,,,,,,,,,,,,,,,,,OPA12-5,0,,,,,,,,,,,,,,,,,,
,,,,,,,,,,,,,,,,,,,,,,,,,,,,,,CAV1SC530.1P254871,55.7,,,,,,,,,,,,,,,,,,,,,,,,,,,,,OPU04-3,6.6,,,,,,,,,,,,,,,,,,
,,,,,,,,,,,,,,,,,,,,,,,,,,,,,,scaffold2204p18251,56.2,,,,,,,,,,,,,,,,,,,,,,,,,,,,,OPU03-2,21.6,,,,,,,,,,,,,,,,,,
,,,,,,,,,,,,,,,,,,,,,,,,,,,,,,scaffold1124p50848,56.8,,,,,,,,,,,,,,,,,,,,,,,,,,,,,OPD05-2,24.3,,,,,,,,,,,,,,,,,,
,,,,,,,,,,,,,,,,,,,,,,,,,,,,,,CAV1SC175.1P183016,59.1,,,,,,,,,,,,,,,,,,,,,,,,,,,,,,,,,,,,,,,,,,,,,,,,
,,,,,,,,,,,,,,,,,,,,,,,,,,,,,,scaffold727p502131,59.7,,,,,,,,,,,,,,,,,,,,,,,,,,,,,LG13,,,,,,,,,,,,,,,,,,,
,,,,,,,,,,,,,,,,,,,,,,,,,,,,,,scaffold874p813923,60.3,,,,,,,,,,,,,,,,,,,,,,,,,,,,,TS83,0,,,,,,,,,,,,,,,,,,
,,,,,,,,,,,,,,,,,,,,,,,,,,,,,,scaffold484p228833,60.9,,,,,,,,,,,,,,,,,,,,,,,,,,,,,GA26,1.7,,,,,,,,,,,,,,,,,,
,,,,,,,,,,,,,,,,,,,,,,,,,,,,,,scaffold74p96855,61.5,,,,,,,,,,,,,,,,,,,,,,,,,,,,,GAA39,3.3,,,,,,,,,,,,,,,,,,
,,,,,,,,,,,,,,,,,,,,,,,,,,,,,,scaffold8p32957,62.1,,,,,,,,,,,,,,,,,,,,,,,,,,,,,GAA41,3.3,,,,,,,,,,,,,,,,,,
,,,,,,,,,,,,,,,,,,,,,,,,,,,,,,scaffold713p193053,64.1,,,,,,,,,,,,,,,,,,,,,,,,,,,,,GA21,5.4,,,,,,,,,,,,,,,,,,
,,,,,,,,,,,,,,,,,,,,,,,,,,,,,,scaffold1466p245348,64.8,,,,,,,,,,,,,,,,,,,,,,,,,,,,,TR3,14.8,,,,,,,,,,,,,,,,,,
,,,,,,,,,,,,,,,,,,,,,,,,,,,,,,scaffold331p45491,65.4,,,,,,,,,,,,,,,,,,,,,,,,,,,,,,,,,,,,,,,,,,,,,,,,
,,,,,,,,,,,,,,,,,,,,,,,,,,,,,,scaffold1545p37164,66,,,,,,,,,,,,,,,,,,,,,,,,,,,,,LG14,,,,,,,,,,,,,,,,,,,
,,,,,,,,,,,,,,,,,,,,,,,,,,,,,,scaffold1545p203032,66.6,,,,,,,,,,,,,,,,,,,,,,,,,,,,,ECAMCAG02,0,,,,,,,,,,,,,,,,,,
,,,,,,,,,,,,,,,,,,,,,,,,,,,,,,scaffold1130p427110,67.2,,,,,,,,,,,,,,,,,,,,,,,,,,,,,OPE32,12.8,,,,,,,,,,,,,,,,,,
,,,,,,,,,,,,,,,,,,,,,,,,,,,,,,scaffold1374p486393,69.1,,,,,,,,,,,,,,,,,,,,,,,,,,,,,,,,,,,,,,,,,,,,,,,,
,,,,,,,,,,,,,,,,,,,,,,,,,,,,,,scaffold175p18827,70.3,,,,,,,,,,,,,,,,,,,,,,,,,,,,,LG15,,,,,,,,,,,,,,,,,,,
,,,,,,,,,,,,,,,,,,,,,,,,,,,,,,scaffold175p1667982,70.9,,,,,,,,,,,,,,,,,,,,,,,,,,,,,STMS25,0,,,,,,,,,,,,,,,,,,
,,,,,,,,,,,,,,,,,,,,,,,,,,,,,,CAV1SC37.1P1000473,71.5,,,,,,,,,,,,,,,,,,,,,,,,,,,,,TA196,5,,,,,,,,,,,,,,,,,,
,,,,,,,,,,,,,,,,,,,,,,,,,,,,,,CAV1SC37.1P1472401,72.1,,,,,,,,,,,,,,,,,,,,,,,,,,,,,,,,,,,,,,,,,,,,,,,,
,,,,,,,,,,,,,,,,,,,,,,,,,,,,,,scaffold175p1882522,72.6,,,,,,,,,,,,,,,,,,,,,,,,,,,,,LG 16,,,,,,,,,,,,,,,,,,,
,,,,,,,,,,,,,,,,,,,,,,,,,,,,,,CAV1SC32.1P294983,74.4,,,,,,,,,,,,,,,,,,,,,,,,,,,,,ECAMCAG08,0,,,,,,,,,,,,,,,,,,
,,,,,,,,,,,,,,,,,,,,,,,,,,,,,,CAV1SC32.1P937618,76.2,,,,,,,,,,,,,,,,,,,,,,,,,,,,,ECAMCAG09,0,,,,,,,,,,,,,,,,,,
,,,,,,,,,,,,,,,,,,,,,,,,,,,,,,scaffold418p13805,76.8,,,,,,,,,,,,,,,,,,,,,,,,,,,,,,,,,,,,,,,,,,,,,,,,
,,,,,,,,,,,,,,,,,,,,,,,,,,,,,,scaffold152p683423,77.4,,,,,,,,,,,,,,,,,,,,,,,,,,,,,,,,,,,,,,,,,,,,,,,,
,,,,,,,,,,,,,,,,,,,,,,,,,,,,,,scaffold372p213961,80.2,,,,,,,,,,,,,,,,,,,,,,,,,,,,,,,,,,,,,,,,,,,,,,,,
,,,,,,,,,,,,,,,,,,,,,,,,,,,,,,,,,,,,,,,,,,,,,,,,,,,,,,,,,,,,,,,,,,,,,,,,,,,,,,,
,,,,,,,,,,,,,,,,,,,,,,,,,,,,,,LG8,,,,,,,,,,,,,,,,,,,,,,,,,,,,,,,,,,,,,,,,,,,,,,,,,
,,,,,,,,,,,,,,,,,,,,,,,,,,,,,,scaffold1567p387382,0,,,,,,,,,,,,,,,,,,,,,,,,,,,,,,,,,,,,,,,,,,,,,,,,
,,,,,,,,,,,,,,,,,,,,,,,,,,,,,,scaffold1567p981540,0.6,,,,,,,,,,,,,,,,,,,,,,,,,,,,,,,,,,,,,,,,,,,,,,,,
,,,,,,,,,,,,,,,,,,,,,,,,,,,,,,CAV1SC52.1P245557,9.4,,,,,,,,,,,,,,,,,,,,,,,,,,,,,,,,,,,,,,,,,,,,,,,,
,,,,,,,,,,,,,,,,,,,,,,,,,,,,,,scaffold828p4201194,15.3,,,,,,,,,,,,,,,,,,,,,,,,,,,,,,,,,,,,,,,,,,,,,,,,
,,,,,,,,,,,,,,,,,,,,,,,,,,,,,,CAV1SC4.1P558257,17.8,,,,,,,,,,,,,,,,,,,,,,,,,,,,,,,,,,,,,,,,,,,,,,,,
,,,,,,,,,,,,,,,,,,,,,,,,,,,,,,CAV1SC4.1P835714,18.3,,,,,,,,,,,,,,,,,,,,,,,,,,,,,,,,,,,,,,,,,,,,,,,,
,,,,,,,,,,,,,,,,,,,,,,,,,,,,,,CAV1SC4.1P943268,18.9,,,,,,,,,,,,,,,,,,,,,,,,,,,,,,,,,,,,,,,,,,,,,,,,
,,,,,,,,,,,,,,,,,,,,,,,,,,,,,,scaffold828p3330841,22,,,,,,,,,,,,,,,,,,,,,,,,,,,,,,,,,,,,,,,,,,,,,,,,
,,,,,,,,,,,,,,,,,,,,,,,,,,,,,,CAV1SC4.1P1429888,23.2,,,,,,,,,,,,,,,,,,,,,,,,,,,,,,,,,,,,,,,,,,,,,,,,
,,,,,,,,,,,,,,,,,,,,,,,,,,,,,,CAV1SC4.1P1806776,24.3,,,,,,,,,,,,,,,,,,,,,,,,,,,,,,,,,,,,,,,,,,,,,,,,
,,,,,,,,,,,,,,,,,,,,,,,,,,,,,,scaffold828p2245798,26.7,,,,,,,,,,,,,,,,,,,,,,,,,,,,,,,,,,,,,,,,,,,,,,,,
,,,,,,,,,,,,,,,,,,,,,,,,,,,,,,scaffold828p2239189,27.9,,,,,,,,,,,,,,,,,,,,,,,,,,,,,,,,,,,,,,,,,,,,,,,,
,,,,,,,,,,,,,,,,,,,,,,,,,,,,,,CAV1SC235.1P209225,29.7,,,,,,,,,,,,,,,,,,,,,,,,,,,,,,,,,,,,,,,,,,,,,,,,
,,,,,,,,,,,,,,,,,,,,,,,,,,,,,,scaffold828p1492348,31.5,,,,,,,,,,,,,,,,,,,,,,,,,,,,,,,,,,,,,,,,,,,,,,,,
,,,,,,,,,,,,,,,,,,,,,,,,,,,,,,scaffold828p652378,32.1,,,,,,,,,,,,,,,,,,,,,,,,,,,,,,,,,,,,,,,,,,,,,,,,
,,,,,,,,,,,,,,,,,,,,,,,,,,,,,,CAV1SC20.1P605299,36.6,,,,,,,,,,,,,,,,,,,,,,,,,,,,,,,,,,,,,,,,,,,,,,,,
,,,,,,,,,,,,,,,,,,,,,,,,,,,,,,scaffold928p122183,37.9,,,,,,,,,,,,,,,,,,,,,,,,,,,,,,,,,,,,,,,,,,,,,,,,
,,,,,,,,,,,,,,,,,,,,,,,,,,,,,,CAV1SC20.1P2052230,42.9,,,,,,,,,,,,,,,,,,,,,,,,,,,,,,,,,,,,,,,,,,,,,,,,
,,,,,,,,,,,,,,,,,,,,,,,,,,,,,,scaffold650p34783,45.1,,,,,,,,,,,,,,,,,,,,,,,,,,,,,,,,,,,,,,,,,,,,,,,,
,,,,,,,,,,,,,,,,,,,,,,,,,,,,,,scaffold21p83604,45.8,,,,,,,,,,,,,,,,,,,,,,,,,,,,,,,,,,,,,,,,,,,,,,,,
,,,,,,,,,,,,,,,,,,,,,,,,,,,,,,scaffold916p294166,54.3,,,,,,,,,,,,,,,,,,,,,,,,,,,,,,,,,,,,,,,,,,,,,,,,
,,,,,,,,,,,,,,,,,,,,,,,,,,,,,,CAV1SC180.1P446345,55.7,,,,,,,,,,,,,,,,,,,,,,,,,,,,,,,,,,,,,,,,,,,,,,,,
,,,,,,,,,,,,,,,,,,,,,,,,,,,,,,sacffold1283p10134,56.3,,,,,,,,,,,,,,,,,,,,,,,,,,,,,,,,,,,,,,,,,,,,,,,,
,,,,,,,,,,,,,,,,,,,,,,,,,,,,,,scaffold147p267354,57,,,,,,,,,,,,,,,,,,,,,,,,,,,,,,,,,,,,,,,,,,,,,,,,
,,,,,,,,,,,,,,,,,,,,,,,,,,,,,,scaffold267p297757,57.7,,,,,,,,,,,,,,,,,,,,,,,,,,,,,,,,,,,,,,,,,,,,,,,,
,,,,,,,,,,,,,,,,,,,,,,,,,,,,,,scaffold937p67148,58.4,,,,,,,,,,,,,,,,,,,,,,,,,,,,,,,,,,,,,,,,,,,,,,,,
,,,,,,,,,,,,,,,,,,,,,,,,,,,,,,scaffold1439p220499,59.8,,,,,,,,,,,,,,,,,,,,,,,,,,,,,,,,,,,,,,,,,,,,,,,,
,,,,,,,,,,,,,,,,,,,,,,,,,,,,,,scaffold1060p97389,61.2,,,,,,,,,,,,,,,,,,,,,,,,,,,,,,,,,,,,,,,,,,,,,,,,
,,,,,,,,,,,,,,,,,,,,,,,,,,,,,,scaffold384p145097,65,,,,,,,,,,,,,,,,,,,,,,,,,,,,,,,,,,,,,,,,,,,,,,,,
,,,,,,,,,,,,,,,,,,,,,,,,,,,,,,scaffold225p963145,68.4,,,,,,,,,,,,,,,,,,,,,,,,,,,,,,,,,,,,,,,,,,,,,,,,
,,,,,,,,,,,,,,,,,,,,,,,,,,,,,,scaffold88p247933,69,,,,,,,,,,,,,,,,,,,,,,,,,,,,,,,,,,,,,,,,,,,,,,,,
,,,,,,,,,,,,,,,,,,,,,,,,,,,,,,CAV1SC38.1P211511,69.6,,,,,,,,,,,,,,,,,,,,,,,,,,,,,,,,,,,,,,,,,,,,,,,,
,,,,,,,,,,,,,,,,,,,,,,,,,,,,,,scaffold225p919760,70.2,,,,,,,,,,,,,,,,,,,,,,,,,,,,,,,,,,,,,,,,,,,,,,,,
,,,,,,,,,,,,,,,,,,,,,,,,,,,,,,CAV1SC38.1P724886,70.8,,,,,,,,,,,,,,,,,,,,,,,,,,,,,,,,,,,,,,,,,,,,,,,,
,,,,,,,,,,,,,,,,,,,,,,,,,,,,,,scaffold8200p456,72,,,,,,,,,,,,,,,,,,,,,,,,,,,,,,,,,,,,,,,,,,,,,,,,
,,,,,,,,,,,,,,,,,,,,,,,,,,,,,,CAV1SC679.1P39451,73.8,,,,,,,,,,,,,,,,,,,,,,,,,,,,,,,,,,,,,,,,,,,,,,,,
,,,,,,,,,,,,,,,,,,,,,,,,,,,,,,CAV1SC399.1P61191,77.4,,,,,,,,,,,,,,,,,,,,,,,,,,,,,,,,,,,,,,,,,,,,,,,,